Epoch,iteration,SparseConv0_3-16-(3  3),SparseConv1_16-16-(3  3),SparseConv2_16-16-(3  3),SparseConv3_16-16-(3  3),SparseConv4_16-16-(3  3),SparseConv5_16-16-(3  3),SparseConv6_16-16-(3  3),SparseConv7_16-16-(3  3),SparseConv8_16-16-(3  3),SparseConv9_16-16-(3  3),SparseConv10_16-16-(3  3),SparseConv11_16-16-(3  3),SparseConv12_16-16-(3  3),SparseConv13_16-16-(3  3),SparseConv14_16-16-(3  3),SparseConv15_16-16-(3  3),SparseConv16_16-16-(3  3),SparseConv17_16-16-(3  3),SparseConv18_16-16-(3  3),SparseConv19_16-32-(3  3),SparseConv20_32-32-(3  3),SparseConv21_32-32-(3  3),SparseConv22_32-32-(3  3),SparseConv23_32-32-(3  3),SparseConv24_32-32-(3  3),SparseConv25_32-32-(3  3),SparseConv26_32-32-(3  3),SparseConv27_32-32-(3  3),SparseConv28_32-32-(3  3),SparseConv29_32-32-(3  3),SparseConv30_32-32-(3  3),SparseConv31_32-32-(3  3),SparseConv32_32-32-(3  3),SparseConv33_32-32-(3  3),SparseConv34_32-32-(3  3),SparseConv35_32-32-(3  3),SparseConv36_32-32-(3  3),SparseConv37_32-64-(3  3),SparseConv38_64-64-(3  3),SparseConv39_64-64-(3  3),SparseConv40_64-64-(3  3),SparseConv41_64-64-(3  3),SparseConv42_64-64-(3  3),SparseConv43_64-64-(3  3),SparseConv44_64-64-(3  3),SparseConv45_64-64-(3  3),SparseConv46_64-64-(3  3),SparseConv47_64-64-(3  3),SparseConv48_64-64-(3  3),SparseConv49_64-64-(3  3),SparseConv50_64-64-(3  3),SparseConv51_64-64-(3  3),SparseConv52_64-64-(3  3),SparseConv53_64-64-(3  3),SparseConv54_64-64-(3  3),Linear0_64-10
0,0,0.2615740895271301,0.25,0.25,0.25,0.25,0.25,0.25,0.25,0.25,0.25,0.25,0.25,0.25,0.25,0.25,0.25,0.25,0.25,0.25,0.25,0.25,0.25,0.25,0.25,0.25,0.25,0.25,0.25,0.25,0.25,0.25,0.25,0.25,0.25,0.25,0.25,0.25,0.25,0.25,0.25,0.25,0.25,0.25,0.25,0.25,0.25,0.25,0.25,0.25,0.25,0.25,0.25,0.25,0.25,0.25,0.25312501192092896
0,200,0.2615740895271301,0.3111979365348816,0.2569444179534912,0.328125,0.3207465410232544,0.3285590410232544,0.2990451455116272,0.3346354365348816,0.3333333134651184,0.325086772441864,0.2960069179534912,0.3337673544883728,0.2790798544883728,0.3233506679534912,0.3350694179534912,0.3276909589767456,0.3190104365348816,0.336805522441864,0.3120659589767456,0.336805522441864,0.3243272304534912,0.3268229365348816,0.315321147441864,0.3335503339767456,0.3251953125,0.329969584941864,0.3181423544883728,0.329969584941864,0.324110209941864,0.330946147441864,0.3140190839767456,0.3333333134651184,0.3233506679534912,0.33203125,0.3173828125,0.3381076455116272,0.3277994990348816,0.3375651240348816,0.3160264492034912,0.3241916298866272,0.3296983242034912,0.3283962607383728,0.310682475566864,0.3344184160232544,0.3301052451133728,0.3357204794883728,0.3213433027267456,0.335096538066864,0.3288303017616272,0.336181640625,0.3273383378982544,0.3341742753982544,0.3186577558517456,0.3350694179534912,0.3318413496017456,0.25624996423721313
0,400,0.26620370149612427,0.3624131679534912,0.2795138955116272,0.4006076455116272,0.3736979365348816,0.4040798544883728,0.3506944179534912,0.4006076455116272,0.4040798544883728,0.403211772441864,0.3463541865348816,0.4123263955116272,0.3107638955116272,0.3997395634651184,0.4088541865348816,0.4040798544883728,0.3845486044883728,0.4079861044883728,0.3771701455116272,0.4099392294883728,0.3913845419883728,0.3969184160232544,0.3776041865348816,0.4088541865348816,0.3946397304534912,0.4050564169883728,0.376953125,0.404296875,0.3909505009651184,0.406141459941864,0.3795573115348816,0.41015625,0.3882378339767456,0.4067925214767456,0.3771701455116272,0.4099392294883728,0.3975694179534912,0.4098307490348816,0.3759765625,0.3913303017616272,0.401611328125,0.401014506816864,0.3665635585784912,0.4104275107383728,0.4004448652267456,0.4102376103401184,0.3851725459098816,0.4104546308517456,0.4010959267616272,0.4107258915901184,0.400770366191864,0.4094509482383728,0.3851725459098816,0.4082302451133728,0.4004719853401184,0.27812498807907104
0,600,0.2708333134651184,0.4370659589767456,0.340711772441864,0.4635416865348816,0.4327256679534912,0.4644097089767456,0.40625,0.46875,0.4722222089767456,0.4674479365348816,0.4118923544883728,0.473524272441864,0.3780381679534912,0.4713541865348816,0.4752604365348816,0.4709201455116272,0.4483506679534912,0.4722222089767456,0.4427083134651184,0.4739583134651184,0.452039897441864,0.4597439169883728,0.438368022441864,0.4755859375,0.455946147441864,0.4697265625,0.4376084804534912,0.4720051884651184,0.4555121660232544,0.470703125,0.4423828125,0.4724392294883728,0.4552951455116272,0.470594584941864,0.444227397441864,0.4712456464767456,0.4582248330116272,0.4734700322151184,0.4364420771598816,0.456190288066864,0.4632975459098816,0.4650065302848816,0.4283311367034912,0.473768413066864,0.4637315273284912,0.4737955927848816,0.4467231035232544,0.4724392294883728,0.4631618857383728,0.4716796875,0.4622666835784912,0.4695637822151184,0.4465060830116272,0.4697808027267456,0.4539659023284912,0.2890625
0,800,0.2731481194496155,0.4861111044883728,0.4722222089767456,0.4904513955116272,0.4839409589767456,0.4943576455116272,0.4874131679534912,0.4947916865348816,0.4973958134651184,0.4973958134651184,0.4904513955116272,0.4982638955116272,0.4874131679534912,0.4982638955116272,0.4978298544883728,0.4952256679534912,0.496961772441864,0.4965277910232544,0.4986979365348816,0.4986979365348816,0.4942491054534912,0.4965277910232544,0.4962022304534912,0.4984809160232544,0.4951171875,0.4978298544883728,0.4949001669883728,0.4988064169883728,0.4976128339767456,0.4978298544883728,0.4956597089767456,0.497938334941864,0.4971787929534912,0.498046875,0.4935981035232544,0.4973958134651184,0.4967448115348816,0.4990234375,0.4925401210784912,0.4978298544883728,0.4972330927848816,0.4981011152267456,0.4932725429534912,0.4985622763633728,0.4965006709098816,0.4982638955116272,0.4931911826133728,0.4973958134651184,0.495008647441864,0.497314453125,0.491590678691864,0.4930284023284912,0.478271484375,0.494764506816864,0.478895366191864,0.30000001192092896
0,1000,0.2754629850387573,0.4917534589767456,0.4835069179534912,0.4947916865348816,0.4904513955116272,0.496961772441864,0.4913194179534912,0.496961772441864,0.4982638955116272,0.4986979365348816,0.4952256679534912,0.4991319179534912,0.4934895634651184,0.4991319179534912,0.4982638955116272,0.496961772441864,0.4982638955116272,0.4973958134651184,0.4995659589767456,0.4993489384651184,0.4968532919883728,0.4983723759651184,0.4982638955116272,0.4991319179534912,0.4978298544883728,0.498914897441864,0.4970703125,0.4992404580116272,0.4985893964767456,0.4991319179534912,0.4975043535232544,0.4986979365348816,0.4990234375,0.4992404580116272,0.4967448115348816,0.4992404580116272,0.498046875,0.4994574785232544,0.4959580898284912,0.498779296875,0.4983181357383728,0.4989691972732544,0.4965006709098816,0.4991047978401184,0.498182475566864,0.499159038066864,0.4965549111366272,0.4986979365348816,0.497205913066864,0.4986436367034912,0.495008647441864,0.495849609375,0.4849446415901184,0.4970974326133728,0.485243022441864,0.3140624761581421
0,1200,0.28009259700775146,0.4913194179534912,0.4830729365348816,0.4947916865348816,0.4904513955116272,0.49609375,0.4917534589767456,0.4986979365348816,0.4991319179534912,0.4986979365348816,0.4978298544883728,0.4991319179534912,0.4947916865348816,0.4995659589767456,0.4982638955116272,0.4978298544883728,0.4986979365348816,0.4978298544883728,0.5,0.5002170205116272,0.498046875,0.4990234375,0.4985893964767456,0.4991319179534912,0.4990234375,0.4997829794883728,0.498046875,0.4994574785232544,0.4992404580116272,0.4992404580116272,0.4981553554534912,0.4990234375,0.4993489384651184,0.4992404580116272,0.497938334941864,0.4997829794883728,0.498046875,0.4996744990348816,0.496473491191864,0.4990776777267456,0.4986979365348816,0.4991862177848816,0.4973686933517456,0.4991862177848816,0.4985893964767456,0.4993489384651184,0.4973415732383728,0.4991047978401184,0.4976128339767456,0.499403178691864,0.4963921308517456,0.4967448115348816,0.487440288066864,0.4978840947151184,0.4889594316482544,0.3140624761581421
0,1400,0.2731481194496155,0.493055522441864,0.4878472089767456,0.4943576455116272,0.4917534589767456,0.4986979365348816,0.4926215410232544,0.4982638955116272,0.4982638955116272,0.4991319179534912,0.4995659589767456,0.4986979365348816,0.4956597089767456,0.4991319179534912,0.4982638955116272,0.4978298544883728,0.5,0.4991319179534912,0.5,0.4997829794883728,0.4991319179534912,0.4995659589767456,0.4986979365348816,0.4993489384651184,0.4992404580116272,0.4997829794883728,0.4982638955116272,0.4994574785232544,0.499891459941864,0.4997829794883728,0.4984809160232544,0.4995659589767456,0.4992404580116272,0.4990234375,0.497938334941864,0.5001084804534912,0.4984809160232544,0.5000542402267456,0.4972330927848816,0.499159038066864,0.4990234375,0.4994303584098816,0.4975857138633728,0.4993489384651184,0.498914897441864,0.4994845986366272,0.4975314736366272,0.4995388388633728,0.4978298544883728,0.4994845986366272,0.4968532919883728,0.4975857138633728,0.4894748330116272,0.4983723759651184,0.4922417402267456,0.3218749761581421
0,1600,0.2777777910232544,0.4939236044883728,0.489149272441864,0.4934895634651184,0.4917534589767456,0.4995659589767456,0.4926215410232544,0.4982638955116272,0.4982638955116272,0.5,0.4995659589767456,0.4991319179534912,0.4965277910232544,0.4991319179534912,0.4995659589767456,0.4982638955116272,0.5,0.4995659589767456,0.4995659589767456,0.5,0.4986979365348816,0.4992404580116272,0.4986979365348816,0.4992404580116272,0.4995659589767456,0.499891459941864,0.4984809160232544,0.4993489384651184,0.4997829794883728,0.5001084804534912,0.4983723759651184,0.4995659589767456,0.498914897441864,0.4991319179534912,0.4981553554534912,0.4996744990348816,0.498914897441864,0.5001627206802368,0.4973686933517456,0.4992404580116272,0.499159038066864,0.4994845986366272,0.4977484941482544,0.4993489384651184,0.4993218183517456,0.4996201992034912,0.4978840947151184,0.4997016191482544,0.4983723759651184,0.4997829794883728,0.4978298544883728,0.4982096552848816,0.4911566972732544,0.4989963173866272,0.4948188066482544,0.32499998807907104
1,0,0.28240740299224854,0.4943576455116272,0.4908854365348816,0.49609375,0.4926215410232544,0.5,0.4926215410232544,0.4991319179534912,0.4982638955116272,0.5,0.4986979365348816,0.4991319179534912,0.4956597089767456,0.4991319179534912,0.4995659589767456,0.4978298544883728,0.5,0.5,0.4995659589767456,0.5002170205116272,0.4993489384651184,0.4993489384651184,0.4984809160232544,0.4993489384651184,0.4995659589767456,0.5002170205116272,0.498914897441864,0.4995659589767456,0.4997829794883728,0.5001084804534912,0.498914897441864,0.4995659589767456,0.4993489384651184,0.4993489384651184,0.497938334941864,0.4996744990348816,0.498914897441864,0.5001627206802368,0.4975314736366272,0.4992133378982544,0.4991047978401184,0.4994303584098816,0.4978569746017456,0.4993489384651184,0.4991319179534912,0.499755859375,0.4978840947151184,0.4997016191482544,0.4983452558517456,0.4998100996017456,0.4980197548866272,0.4981553554534912,0.4914821982383728,0.4990234375,0.4954698085784912,0.33281248807907104
1,200,0.2870370149612427,0.4956597089767456,0.48828125,0.496961772441864,0.4939236044883728,0.5004340410232544,0.4943576455116272,0.4986979365348816,0.4995659589767456,0.5,0.4986979365348816,0.4995659589767456,0.4943576455116272,0.5,0.5,0.4982638955116272,0.4995659589767456,0.4995659589767456,0.4991319179534912,0.5008680820465088,0.4995659589767456,0.4996744990348816,0.4985893964767456,0.4993489384651184,0.4997829794883728,0.5001084804534912,0.4992404580116272,0.4996744990348816,0.499891459941864,0.5002170205116272,0.4988064169883728,0.4996744990348816,0.4995659589767456,0.4992404580116272,0.4983723759651184,0.4996744990348816,0.4986979365348816,0.5002712607383728,0.4975043535232544,0.499267578125,0.499403178691864,0.4994303584098816,0.4979655146598816,0.499647319316864,0.4994845986366272,0.4999457597732544,0.4981553554534912,0.5000542402267456,0.4985893964767456,0.5001356601715088,0.4981553554534912,0.4987521767616272,0.4932454228401184,0.4997287392616272,0.4975043535232544,0.328125
1,400,0.29398149251937866,0.49609375,0.4869791865348816,0.4956597089767456,0.4952256679534912,0.5004340410232544,0.4947916865348816,0.4991319179534912,0.5,0.4986979365348816,0.4991319179534912,0.4991319179534912,0.4947916865348816,0.5004340410232544,0.4995659589767456,0.4982638955116272,0.4995659589767456,0.5,0.4995659589767456,0.5008680820465088,0.4996744990348816,0.5,0.4986979365348816,0.4995659589767456,0.4997829794883728,0.5001084804534912,0.4990234375,0.4995659589767456,0.5,0.5004340410232544,0.4991319179534912,0.499891459941864,0.4997829794883728,0.4997829794883728,0.4983723759651184,0.499891459941864,0.4986979365348816,0.5004340410232544,0.4976399540901184,0.4993489384651184,0.499403178691864,0.4994574785232544,0.4980197548866272,0.499755859375,0.4997287392616272,0.5000271201133728,0.4981282353401184,0.500244140625,0.4988064169883728,0.500244140625,0.4985080361366272,0.4992404580116272,0.4947373867034912,0.5000542402267456,0.4992133378982544,0.3296874761581421
1,600,0.2986111044883728,0.4947916865348816,0.4900173544883728,0.49609375,0.4952256679534912,0.5013021230697632,0.4943576455116272,0.4995659589767456,0.4995659589767456,0.4995659589767456,0.4978298544883728,0.4995659589767456,0.49609375,0.5008680820465088,0.5004340410232544,0.4986979365348816,0.4991319179534912,0.4995659589767456,0.5013021230697632,0.5015190839767456,0.4997829794883728,0.4997829794883728,0.4990234375,0.4993489384651184,0.499891459941864,0.5004340410232544,0.4985893964767456,0.4996744990348816,0.4994574785232544,0.5005425214767456,0.4990234375,0.5001084804534912,0.5,0.4995659589767456,0.4983723759651184,0.4996744990348816,0.4988064169883728,0.5003255605697632,0.4981011152267456,0.4993760585784912,0.49951171875,0.4996744990348816,0.498182475566864,0.499891459941864,0.4999186396598816,0.5001356601715088,0.4985080361366272,0.50048828125,0.4990505576133728,0.5002712607383728,0.4986979365348816,0.499891459941864,0.4955512285232544,0.5003526210784912,0.5006239414215088,0.33281248807907104
1,800,0.30324071645736694,0.4947916865348816,0.4908854365348816,0.4973958134651184,0.4952256679534912,0.5017361044883728,0.49609375,0.5004340410232544,0.4986979365348816,0.5004340410232544,0.4982638955116272,0.4991319179534912,0.4965277910232544,0.5004340410232544,0.5013021230697632,0.4995659589767456,0.4986979365348816,0.5004340410232544,0.5017361044883728,0.5015190839767456,0.5,0.4996744990348816,0.4986979365348816,0.4995659589767456,0.499891459941864,0.5006510019302368,0.4990234375,0.5002170205116272,0.5003255605697632,0.5005425214767456,0.4985893964767456,0.5002170205116272,0.5,0.499891459941864,0.498914897441864,0.4997829794883728,0.498914897441864,0.50048828125,0.498182475566864,0.4994303584098816,0.4997016191482544,0.499755859375,0.4983723759651184,0.499891459941864,0.5000814199447632,0.5002170205116272,0.4987250566482544,0.5004068613052368,0.499267578125,0.5005154013633728,0.4989691972732544,0.5003255605697632,0.4970974326133728,0.5009223222732544,0.502197265625,0.33125001192092896
1,1000,0.3009259104728699,0.4947916865348816,0.4913194179534912,0.4952256679534912,0.4973958134651184,0.5026041269302368,0.4956597089767456,0.5,0.4995659589767456,0.4991319179534912,0.4995659589767456,0.5,0.49609375,0.4995659589767456,0.5013021230697632,0.4991319179534912,0.4978298544883728,0.4995659589767456,0.5021701455116272,0.5017361044883728,0.5007595419883728,0.4995659589767456,0.4986979365348816,0.4997829794883728,0.4994574785232544,0.5006510019302368,0.498914897441864,0.5001084804534912,0.5002170205116272,0.5003255605697632,0.4992404580116272,0.5001084804534912,0.5003255605697632,0.5001084804534912,0.4993489384651184,0.5001084804534912,0.4986979365348816,0.50048828125,0.4983452558517456,0.49951171875,0.4998372197151184,0.4997829794883728,0.4982638955116272,0.5000542402267456,0.5001627206802368,0.5003526210784912,0.4988335371017456,0.5005425214767456,0.4995659589767456,0.5008138418197632,0.4993489384651184,0.5003526210784912,0.4978840947151184,0.5012478232383728,0.5033365488052368,0.33437496423721313
1,1200,0.31018519401550293,0.4978298544883728,0.489149272441864,0.4973958134651184,0.4978298544883728,0.5030381679534912,0.4952256679534912,0.5008680820465088,0.4995659589767456,0.4995659589767456,0.4978298544883728,0.5,0.4956597089767456,0.5,0.5017361044883728,0.5,0.4978298544883728,0.4995659589767456,0.5021701455116272,0.5017361044883728,0.5004340410232544,0.5,0.4986979365348816,0.4997829794883728,0.499891459941864,0.5009765625,0.4993489384651184,0.5003255605697632,0.5003255605697632,0.5004340410232544,0.4997829794883728,0.5004340410232544,0.5004340410232544,0.5001084804534912,0.4988064169883728,0.5002170205116272,0.498914897441864,0.5007053017616272,0.498426616191864,0.4996744990348816,0.4999457597732544,0.499891459941864,0.4984809160232544,0.5001627206802368,0.5002712607383728,0.5005697011947632,0.4989963173866272,0.5008951425552368,0.4998372197151184,0.5010036826133728,0.49951171875,0.5008680820465088,0.4982367753982544,0.5015462636947632,0.5039333701133728,0.33906251192092896
1,1400,0.3125,0.4965277910232544,0.4913194179534912,0.4978298544883728,0.4991319179534912,0.5034722089767456,0.4965277910232544,0.5013021230697632,0.5004340410232544,0.4995659589767456,0.4982638955116272,0.5004340410232544,0.4947916865348816,0.5,0.5021701455116272,0.4995659589767456,0.4973958134651184,0.5,0.5026041269302368,0.501953125,0.5009765625,0.4997829794883728,0.4991319179534912,0.5001084804534912,0.5001084804534912,0.5009765625,0.4996744990348816,0.5002170205116272,0.5,0.5004340410232544,0.5001084804534912,0.5004340410232544,0.5004340410232544,0.5001084804534912,0.4988064169883728,0.5003255605697632,0.4995659589767456,0.5005967617034912,0.498426616191864,0.4996201992034912,0.5,0.4999728798866272,0.4988064169883728,0.5002712607383728,0.5003526210784912,0.5007053017616272,0.499267578125,0.5009765625,0.5001084804534912,0.5009765625,0.4995659589767456,0.5012749433517456,0.4989963173866272,0.5016547441482544,0.5050998330116272,0.34062498807907104
1,1600,0.3125,0.4947916865348816,0.4887152910232544,0.4952256679534912,0.4973958134651184,0.5017361044883728,0.4978298544883728,0.5026041269302368,0.4991319179534912,0.4991319179534912,0.4982638955116272,0.5004340410232544,0.4947916865348816,0.5,0.5021701455116272,0.5,0.4973958134651184,0.5,0.5030381679534912,0.501953125,0.5009765625,0.4997829794883728,0.4991319179534912,0.5005425214767456,0.5,0.5013021230697632,0.4993489384651184,0.5004340410232544,0.5,0.5007595419883728,0.5,0.5009765625,0.499891459941864,0.5004340410232544,0.498914897441864,0.5007595419883728,0.4996744990348816,0.5009223222732544,0.4985622763633728,0.4995659589767456,0.5001627206802368,0.4999186396598816,0.4988877773284912,0.5003798007965088,0.5003526210784912,0.5008951425552368,0.4994845986366272,0.5011392831802368,0.5002983808517456,0.5012749433517456,0.4999186396598816,0.5016005039215088,0.4996744990348816,0.5017904043197632,0.50634765625,0.33906251192092896
2,0,0.3125,0.4956597089767456,0.489149272441864,0.4965277910232544,0.49609375,0.5026041269302368,0.4973958134651184,0.5030381679534912,0.5,0.4995659589767456,0.4991319179534912,0.5004340410232544,0.4947916865348816,0.4995659589767456,0.5017361044883728,0.4986979365348816,0.4973958134651184,0.5,0.5026041269302368,0.5021701455116272,0.5010850429534912,0.5,0.4994574785232544,0.5005425214767456,0.4997829794883728,0.5014106035232544,0.4994574785232544,0.5005425214767456,0.5003255605697632,0.5008680820465088,0.5,0.5009765625,0.5,0.5005425214767456,0.4991319179534912,0.5008680820465088,0.499891459941864,0.5008680820465088,0.4987250566482544,0.4996201992034912,0.5000814199447632,0.5000271201133728,0.4988877773284912,0.5004068613052368,0.50048828125,0.5008138418197632,0.4994845986366272,0.5011392831802368,0.5003526210784912,0.5013563632965088,0.4999457597732544,0.5016275644302368,0.4999728798866272,0.5020887851715088,0.5063747763633728,0.3359375
2,200,0.3125,0.49609375,0.4895833134651184,0.496961772441864,0.4965277910232544,0.5030381679534912,0.496961772441864,0.5026041269302368,0.5004340410232544,0.4995659589767456,0.4991319179534912,0.5008680820465088,0.4947916865348816,0.5004340410232544,0.5030381679534912,0.5,0.4978298544883728,0.4995659589767456,0.5030381679534912,0.5015190839767456,0.5014106035232544,0.5003255605697632,0.4992404580116272,0.5003255605697632,0.5003255605697632,0.5017361044883728,0.499891459941864,0.5008680820465088,0.5005425214767456,0.5011935830116272,0.5001084804534912,0.5010850429534912,0.5001084804534912,0.5009765625,0.4992404580116272,0.5010850429534912,0.5,0.5008680820465088,0.498670756816864,0.4995930790901184,0.5002983808517456,0.5000542402267456,0.4988877773284912,0.5004068613052368,0.5006781816482544,0.5009494423866272,0.4997829794883728,0.501220703125,0.500732421875,0.5014377236366272,0.5005425214767456,0.5018446445465088,0.5006781816482544,0.5021701455116272,0.5071614980697632,0.34062498807907104
2,400,0.31481480598449707,0.4965277910232544,0.4887152910232544,0.49609375,0.49609375,0.5030381679534912,0.4973958134651184,0.5030381679534912,0.5004340410232544,0.4991319179534912,0.4995659589767456,0.5004340410232544,0.4934895634651184,0.5008680820465088,0.5030381679534912,0.5004340410232544,0.4986979365348816,0.5,0.5030381679534912,0.5017361044883728,0.5017361044883728,0.5001084804534912,0.4997829794883728,0.5002170205116272,0.5010850429534912,0.5016275644302368,0.4997829794883728,0.5006510019302368,0.5009765625,0.5008680820465088,0.5002170205116272,0.5011935830116272,0.5005425214767456,0.5010850429534912,0.4990234375,0.5009765625,0.5,0.5009765625,0.4988335371017456,0.4996744990348816,0.5005967617034912,0.5,0.499159038066864,0.5005967617034912,0.500732421875,0.5010850429534912,0.5000814199447632,0.5014106035232544,0.5010579824447632,0.5015733242034912,0.5008409023284912,0.5025498867034912,0.5013021230697632,0.5024142861366272,0.5084092617034912,0.33125001192092896
2,600,0.3125,0.496961772441864,0.4874131679534912,0.4973958134651184,0.4973958134651184,0.5021701455116272,0.496961772441864,0.5047743320465088,0.5004340410232544,0.5,0.4995659589767456,0.5021701455116272,0.493055522441864,0.5013021230697632,0.5030381679534912,0.5004340410232544,0.4995659589767456,0.5,0.5030381679534912,0.5021701455116272,0.5021701455116272,0.5002170205116272,0.4995659589767456,0.5005425214767456,0.5010850429534912,0.5017361044883728,0.499891459941864,0.5010850429534912,0.5007595419883728,0.5006510019302368,0.5008680820465088,0.5015190839767456,0.5003255605697632,0.5008680820465088,0.4993489384651184,0.5016275644302368,0.5001084804534912,0.5008680820465088,0.4987250566482544,0.4998100996017456,0.5005967617034912,0.5000542402267456,0.4992946982383728,0.5005697011947632,0.5009223222732544,0.5011664628982544,0.4999728798866272,0.50146484375,0.5011392831802368,0.5016818642616272,0.501220703125,0.5027940273284912,0.5016547441482544,0.5025498867034912,0.5091959238052368,0.33437496423721313
2,800,0.3194444179534912,0.4965277910232544,0.4908854365348816,0.4991319179534912,0.4978298544883728,0.5052083730697632,0.4986979365348816,0.5047743320465088,0.5004340410232544,0.5004340410232544,0.4982638955116272,0.5008680820465088,0.4934895634651184,0.5013021230697632,0.5030381679534912,0.4995659589767456,0.4986979365348816,0.5,0.5026041269302368,0.5026041269302368,0.5021701455116272,0.5005425214767456,0.5,0.5005425214767456,0.5016275644302368,0.5024956464767456,0.5,0.5011935830116272,0.5011935830116272,0.5010850429534912,0.5005425214767456,0.5016275644302368,0.5003255605697632,0.5010850429534912,0.498914897441864,0.5017361044883728,0.5005425214767456,0.5009223222732544,0.4989420771598816,0.4998643398284912,0.5007053017616272,0.5000814199447632,0.4994303584098816,0.5006510019302368,0.5011664628982544,0.5013834238052368,0.5000271201133728,0.5015462636947632,0.5013291835784912,0.5017632246017456,0.5013834238052368,0.5032280683517456,0.5023329257965088,0.5029839277267456,0.5099826455116272,0.3359375
2,1000,0.32175928354263306,0.4986979365348816,0.4939236044883728,0.4982638955116272,0.4986979365348816,0.5030381679534912,0.4978298544883728,0.5043402910232544,0.4991319179534912,0.5008680820465088,0.4995659589767456,0.5021701455116272,0.4939236044883728,0.5013021230697632,0.5034722089767456,0.5,0.4995659589767456,0.5,0.5030381679534912,0.5028212070465088,0.5022786855697632,0.5008680820465088,0.499891459941864,0.5006510019302368,0.5014106035232544,0.5024956464767456,0.5002170205116272,0.5010850429534912,0.5011935830116272,0.5016275644302368,0.5007595419883728,0.5015190839767456,0.5004340410232544,0.5017361044883728,0.4991319179534912,0.5017361044883728,0.5003255605697632,0.5009765625,0.4991319179534912,0.4997287392616272,0.5007866621017456,0.5002170205116272,0.4997287392616272,0.5007595419883728,0.5012749433517456,0.50146484375,0.50048828125,0.5015733242034912,0.5015462636947632,0.5018717050552368,0.5016547441482544,0.5036078691482544,0.5029839277267456,0.5031467080116272,0.51123046875,0.33281248807907104
2,1200,0.3263888955116272,0.4995659589767456,0.493055522441864,0.4986979365348816,0.4978298544883728,0.5056423544883728,0.4995659589767456,0.5047743320465088,0.5013021230697632,0.5013021230697632,0.5004340410232544,0.5013021230697632,0.4947916865348816,0.5017361044883728,0.5034722089767456,0.5,0.5008680820465088,0.4991319179534912,0.5034722089767456,0.5028212070465088,0.5018446445465088,0.5010850429534912,0.5,0.5009765625,0.5017361044883728,0.5024956464767456,0.5005425214767456,0.5010850429534912,0.5014106035232544,0.5015190839767456,0.5009765625,0.5018446445465088,0.5005425214767456,0.5018446445465088,0.4988064169883728,0.5021701455116272,0.5006510019302368,0.5010850429534912,0.4992946982383728,0.5,0.5009494423866272,0.5003798007965088,0.4997829794883728,0.500732421875,0.5011392831802368,0.5015733242034912,0.5005697011947632,0.5016547441482544,0.501708984375,0.5020073652267456,0.5017904043197632,0.5041775107383728,0.5034450888633728,0.5033365488052368,0.5118272304534912,0.3374999761581421
2,1400,0.3263888955116272,0.4995659589767456,0.4939236044883728,0.4982638955116272,0.4986979365348816,0.5026041269302368,0.4986979365348816,0.5052083730697632,0.5017361044883728,0.5008680820465088,0.4991319179534912,0.5013021230697632,0.4934895634651184,0.5,0.5030381679534912,0.5,0.5004340410232544,0.5,0.5030381679534912,0.5028212070465088,0.5021701455116272,0.5009765625,0.499891459941864,0.5008680820465088,0.501953125,0.5028212070465088,0.5003255605697632,0.5010850429534912,0.5009765625,0.5018446445465088,0.5010850429534912,0.5018446445465088,0.5007595419883728,0.5017361044883728,0.4992404580116272,0.5020616054534912,0.5004340410232544,0.5010850429534912,0.4992404580116272,0.5002983808517456,0.5008680820465088,0.5004068613052368,0.5000814199447632,0.5008138418197632,0.5013834238052368,0.5016818642616272,0.5006510019302368,0.5018446445465088,0.5018174648284912,0.5022786855697632,0.5023599863052368,0.5045301914215088,0.5038791298866272,0.5034993886947632,0.5126953125,0.33906251192092896
2,1600,0.32175928354263306,0.4995659589767456,0.4934895634651184,0.4995659589767456,0.4978298544883728,0.5043402910232544,0.5,0.5052083730697632,0.5021701455116272,0.5008680820465088,0.5008680820465088,0.5017361044883728,0.4939236044883728,0.5004340410232544,0.5030381679534912,0.5004340410232544,0.5004340410232544,0.4995659589767456,0.5034722089767456,0.5034722089767456,0.5024956464767456,0.5009765625,0.5007595419883728,0.5006510019302368,0.5018446445465088,0.5026041269302368,0.5005425214767456,0.5008680820465088,0.5010850429534912,0.5020616054534912,0.5008680820465088,0.5020616054534912,0.5013021230697632,0.5020616054534912,0.4995659589767456,0.5021701455116272,0.5005425214767456,0.5011935830116272,0.4996744990348816,0.5002712607383728,0.5009765625,0.5004340410232544,0.5001627206802368,0.5010308027267456,0.5013291835784912,0.5017904043197632,0.5007053017616272,0.5018988847732544,0.5018446445465088,0.501953125,0.50244140625,0.5045301914215088,0.50439453125,0.503662109375,0.5131021738052368,0.34218746423721313
3,0,0.3263888955116272,0.4995659589767456,0.493055522441864,0.4995659589767456,0.4991319179534912,0.5047743320465088,0.4995659589767456,0.5052083730697632,0.5030381679534912,0.5013021230697632,0.5004340410232544,0.5021701455116272,0.4939236044883728,0.5004340410232544,0.5030381679534912,0.5,0.4995659589767456,0.5,0.50390625,0.5032552480697632,0.5028212070465088,0.5006510019302368,0.5007595419883728,0.5006510019302368,0.501953125,0.5029296875,0.5006510019302368,0.5009765625,0.5011935830116272,0.5018446445465088,0.5006510019302368,0.5021701455116272,0.5014106035232544,0.5021701455116272,0.5,0.501953125,0.5005425214767456,0.5011392831802368,0.499755859375,0.5003798007965088,0.5011392831802368,0.5004340410232544,0.500244140625,0.5009765625,0.5013563632965088,0.5018174648284912,0.5008951425552368,0.502197265625,0.5020887851715088,0.5020073652267456,0.502685546875,0.5044487714767456,0.5041775107383728,0.503662109375,0.5138888955116272,0.34062498807907104
3,200,0.32175928354263306,0.5,0.4952256679534912,0.4982638955116272,0.4982638955116272,0.5060763955116272,0.5,0.5052083730697632,0.5030381679534912,0.5021701455116272,0.5,0.5021701455116272,0.493055522441864,0.5013021230697632,0.5030381679534912,0.5,0.4995659589767456,0.5004340410232544,0.5034722089767456,0.5041232705116272,0.5026041269302368,0.5008680820465088,0.5006510019302368,0.5006510019302368,0.5017361044883728,0.5026041269302368,0.5005425214767456,0.5013021230697632,0.5015190839767456,0.5022786855697632,0.5009765625,0.5020616054534912,0.5016275644302368,0.5024956464767456,0.4994574785232544,0.5020616054534912,0.5004340410232544,0.5013021230697632,0.4998372197151184,0.5005154013633728,0.5012478232383728,0.5004340410232544,0.5004340410232544,0.5011392831802368,0.5012478232383728,0.5018174648284912,0.5008951425552368,0.5021701455116272,0.5023599863052368,0.502197265625,0.5025770664215088,0.505126953125,0.5049912929534912,0.5039876699447632,0.5142143964767456,0.34062498807907104
3,400,0.3240740895271301,0.5004340410232544,0.49609375,0.4986979365348816,0.4982638955116272,0.5060763955116272,0.5004340410232544,0.5043402910232544,0.5034722089767456,0.5030381679534912,0.5004340410232544,0.5021701455116272,0.4956597089767456,0.5026041269302368,0.5030381679534912,0.5004340410232544,0.5004340410232544,0.5008680820465088,0.5030381679534912,0.5036892294883728,0.5026041269302368,0.5008680820465088,0.5008680820465088,0.5011935830116272,0.5020616054534912,0.5033637285232544,0.5007595419883728,0.5015190839767456,0.5016275644302368,0.5020616054534912,0.5011935830116272,0.5021701455116272,0.5020616054534912,0.5026041269302368,0.5001084804534912,0.5022786855697632,0.5008680820465088,0.5016275644302368,0.5,0.5006510019302368,0.501220703125,0.5005967617034912,0.5004611611366272,0.501220703125,0.50146484375,0.5020887851715088,0.501220703125,0.502197265625,0.5025228261947632,0.50244140625,0.5030924081802368,0.5055609941482544,0.505615234375,0.5039876699447632,0.5150552988052368,0.34218746423721313
3,600,0.3263888955116272,0.4995659589767456,0.4934895634651184,0.4986979365348816,0.4973958134651184,0.5065103769302368,0.5008680820465088,0.5030381679534912,0.5026041269302368,0.50390625,0.5004340410232544,0.5034722089767456,0.4956597089767456,0.5030381679534912,0.5030381679534912,0.5008680820465088,0.5017361044883728,0.5008680820465088,0.5034722089767456,0.5043402910232544,0.5023871660232544,0.5008680820465088,0.5007595419883728,0.5014106035232544,0.5018446445465088,0.5034722089767456,0.5007595419883728,0.5018446445465088,0.5013021230697632,0.501953125,0.5011935830116272,0.5027126669883728,0.501953125,0.5026041269302368,0.4997829794883728,0.5023871660232544,0.5010850429534912,0.5015190839767456,0.4999186396598816,0.5006239414215088,0.5016275644302368,0.5006781816482544,0.5004340410232544,0.5014919638633728,0.5016275644302368,0.5022243857383728,0.5011935830116272,0.5023599863052368,0.5027126669883728,0.5027397871017456,0.503173828125,0.5055881142616272,0.5057508945465088,0.5044216513633728,0.5162489414215088,0.3374999761581421
3,800,0.3240740895271301,0.5,0.4913194179534912,0.4982638955116272,0.4986979365348816,0.5060763955116272,0.5,0.5047743320465088,0.5021701455116272,0.5034722089767456,0.5013021230697632,0.5030381679534912,0.493055522441864,0.5034722089767456,0.5030381679534912,0.5004340410232544,0.5008680820465088,0.5008680820465088,0.5034722089767456,0.5043402910232544,0.5027126669883728,0.5011935830116272,0.5010850429534912,0.5015190839767456,0.5018446445465088,0.5034722089767456,0.5008680820465088,0.5016275644302368,0.5018446445465088,0.5020616054534912,0.5013021230697632,0.5026041269302368,0.5018446445465088,0.5027126669883728,0.5006510019302368,0.5020616054534912,0.5010850429534912,0.5015733242034912,0.499891459941864,0.5006510019302368,0.5015462636947632,0.5008409023284912,0.5005967617034912,0.5013021230697632,0.5018446445465088,0.5023057460784912,0.5011664628982544,0.5025498867034912,0.5029296875,0.5027940273284912,0.5033908486366272,0.5062662363052368,0.5064561367034912,0.5044216513633728,0.5170084238052368,0.3374999761581421
3,1000,0.3379629850387573,0.4995659589767456,0.4943576455116272,0.5008680820465088,0.4978298544883728,0.5060763955116272,0.5017361044883728,0.5052083730697632,0.5017361044883728,0.50390625,0.5008680820465088,0.50390625,0.496961772441864,0.50390625,0.5030381679534912,0.5004340410232544,0.5013021230697632,0.5013021230697632,0.5034722089767456,0.50390625,0.5028212070465088,0.5010850429534912,0.5010850429534912,0.5016275644302368,0.5023871660232544,0.5037977695465088,0.5008680820465088,0.5018446445465088,0.501953125,0.5022786855697632,0.5010850429534912,0.5028212070465088,0.5021701455116272,0.5031467080116272,0.5003255605697632,0.5022786855697632,0.5008680820465088,0.5016818642616272,0.4995659589767456,0.5007866621017456,0.5016005039215088,0.5007866621017456,0.5008409023284912,0.50146484375,0.501953125,0.5023329257965088,0.5013291835784912,0.5023871660232544,0.5029025673866272,0.5028212070465088,0.5038520097732544,0.5064561367034912,0.5069173574447632,0.504638671875,0.5175238847732544,0.33906251192092896
3,1200,0.3402777910232544,0.4991319179534912,0.4973958134651184,0.5013021230697632,0.4986979365348816,0.5060763955116272,0.5008680820465088,0.50390625,0.5034722089767456,0.5034722089767456,0.5013021230697632,0.50390625,0.4973958134651184,0.50390625,0.5030381679534912,0.5004340410232544,0.5021701455116272,0.5013021230697632,0.5034722089767456,0.5041232705116272,0.5028212070465088,0.5006510019302368,0.5010850429534912,0.5015190839767456,0.5020616054534912,0.5041232705116272,0.5016275644302368,0.5021701455116272,0.5017361044883728,0.5022786855697632,0.5009765625,0.5032552480697632,0.5018446445465088,0.5033637285232544,0.5004340410232544,0.5020616054534912,0.5010850429534912,0.5017904043197632,0.5001084804534912,0.5007053017616272,0.5018174648284912,0.5007595419883728,0.5011122226715088,0.5016005039215088,0.501953125,0.5024956464767456,0.5016547441482544,0.5026313066482544,0.5030111074447632,0.5027940273284912,0.5040419101715088,0.5066189169883728,0.5074056386947632,0.5049642324447632,0.5182563066482544,0.34375
3,1400,0.3402777910232544,0.5,0.49609375,0.5017361044883728,0.5,0.5073784589767456,0.5013021230697632,0.5060763955116272,0.5021701455116272,0.5043402910232544,0.5,0.5043402910232544,0.49609375,0.50390625,0.5030381679534912,0.5008680820465088,0.5026041269302368,0.5013021230697632,0.5030381679534912,0.5045572519302368,0.5034722089767456,0.501953125,0.5009765625,0.5024956464767456,0.5026041269302368,0.5042318105697632,0.5015190839767456,0.5020616054534912,0.5022786855697632,0.5021701455116272,0.5016275644302368,0.5036892294883728,0.5023871660232544,0.5040147304534912,0.5005425214767456,0.5022786855697632,0.5008680820465088,0.5017904043197632,0.5001356601715088,0.5008409023284912,0.5016818642616272,0.5008138418197632,0.5010036826133728,0.5016275644302368,0.5021701455116272,0.5025228261947632,0.5016005039215088,0.5028212070465088,0.5034993886947632,0.5027940273284912,0.5041775107383728,0.5069715976715088,0.5077310800552368,0.5052354335784912,0.5184190273284912,0.33906251192092896
3,1600,0.3402777910232544,0.5008680820465088,0.4956597089767456,0.5008680820465088,0.4995659589767456,0.5086805820465088,0.5026041269302368,0.5056423544883728,0.5043402910232544,0.5047743320465088,0.5017361044883728,0.5047743320465088,0.4943576455116272,0.5069444179534912,0.5034722089767456,0.5008680820465088,0.5017361044883728,0.5017361044883728,0.50390625,0.5043402910232544,0.5035806894302368,0.5018446445465088,0.5015190839767456,0.5022786855697632,0.5027126669883728,0.5042318105697632,0.5015190839767456,0.5024956464767456,0.5026041269302368,0.5022786855697632,0.5010850429534912,0.5036892294883728,0.5022786855697632,0.5037977695465088,0.5010850429534912,0.5028212070465088,0.5014106035232544,0.5020073652267456,0.5003255605697632,0.5008680820465088,0.5021158456802368,0.5008951425552368,0.5010308027267456,0.5016005039215088,0.5020616054534912,0.5025770664215088,0.5014377236366272,0.5027397871017456,0.5035536289215088,0.5030111074447632,0.5043131113052368,0.5074598789215088,0.5082736611366272,0.5052083730697632,0.5188259482383728,0.34062498807907104
4,0,0.3402777910232544,0.5013021230697632,0.4947916865348816,0.5008680820465088,0.5004340410232544,0.5082465410232544,0.5034722089767456,0.5056423544883728,0.5026041269302368,0.5043402910232544,0.5017361044883728,0.5047743320465088,0.4939236044883728,0.5060763955116272,0.5030381679534912,0.5008680820465088,0.5021701455116272,0.5017361044883728,0.5030381679534912,0.5045572519302368,0.5037977695465088,0.5020616054534912,0.5013021230697632,0.501953125,0.5021701455116272,0.5045572519302368,0.5015190839767456,0.5021701455116272,0.5024956464767456,0.5021701455116272,0.5007595419883728,0.5036892294883728,0.5023871660232544,0.50390625,0.5009765625,0.5028212070465088,0.5011935830116272,0.5020616054534912,0.5004611611366272,0.5008680820465088,0.5021701455116272,0.5009223222732544,0.5011935830116272,0.5017632246017456,0.5021430253982544,0.5025228261947632,0.5016005039215088,0.5027940273284912,0.5037705898284912,0.5030653476715088,0.50439453125,0.5073513388633728,0.5088161826133728,0.5052354335784912,0.5188802480697632,0.34218746423721313
4,200,0.3472222089767456,0.5008680820465088,0.4978298544883728,0.5021701455116272,0.4982638955116272,0.5069444179534912,0.5017361044883728,0.5069444179534912,0.5034722089767456,0.5043402910232544,0.5013021230697632,0.5047743320465088,0.4956597089767456,0.5052083730697632,0.5026041269302368,0.5004340410232544,0.50390625,0.5017361044883728,0.5013021230697632,0.5045572519302368,0.5037977695465088,0.5018446445465088,0.5013021230697632,0.5020616054534912,0.5022786855697632,0.5048828125,0.5017361044883728,0.5026041269302368,0.5026041269302368,0.5022786855697632,0.5008680820465088,0.5040147304534912,0.501953125,0.5040147304534912,0.5,0.5021701455116272,0.5009765625,0.5020073652267456,0.5002983808517456,0.5010308027267456,0.5022786855697632,0.5011122226715088,0.5011664628982544,0.5018717050552368,0.5021701455116272,0.5027397871017456,0.5018717050552368,0.5029025673866272,0.5039604902267456,0.5033365488052368,0.504638671875,0.5078125,0.5089517831802368,0.5054795742034912,0.5189887285232544,0.3374999761581421
4,400,0.34490740299224854,0.5,0.496961772441864,0.5008680820465088,0.5013021230697632,0.5073784589767456,0.5013021230697632,0.5056423544883728,0.5056423544883728,0.5047743320465088,0.5013021230697632,0.5052083730697632,0.49609375,0.5043402910232544,0.5030381679534912,0.5013021230697632,0.5034722089767456,0.5013021230697632,0.5026041269302368,0.5052083730697632,0.5036892294883728,0.5022786855697632,0.5013021230697632,0.5023871660232544,0.5024956464767456,0.5046657919883728,0.5018446445465088,0.5021701455116272,0.5028212070465088,0.5024956464767456,0.5014106035232544,0.5037977695465088,0.5020616054534912,0.5037977695465088,0.5008680820465088,0.5027126669883728,0.5015190839767456,0.5021158456802368,0.5005425214767456,0.5008951425552368,0.5022243857383728,0.5012478232383728,0.5011935830116272,0.5019260048866272,0.5024142861366272,0.5030653476715088,0.5017904043197632,0.503173828125,0.5037977695465088,0.5036349892616272,0.5048556923866272,0.5084092617034912,0.5088161826133728,0.505615234375,0.5196397304534912,0.34218746423721313
4,600,0.3472222089767456,0.4986979365348816,0.4965277910232544,0.5021701455116272,0.5008680820465088,0.5095486044883728,0.5021701455116272,0.5069444179534912,0.5065103769302368,0.5030381679534912,0.5017361044883728,0.5056423544883728,0.4956597089767456,0.5060763955116272,0.5034722089767456,0.5008680820465088,0.5030381679534912,0.5013021230697632,0.5034722089767456,0.5052083730697632,0.50390625,0.5023871660232544,0.5018446445465088,0.5024956464767456,0.5027126669883728,0.5053168535232544,0.5022786855697632,0.5029296875,0.5030381679534912,0.5024956464767456,0.5013021230697632,0.5042318105697632,0.5027126669883728,0.5041232705116272,0.5007595419883728,0.5022786855697632,0.5011935830116272,0.5021158456802368,0.5004611611366272,0.5011935830116272,0.5025228261947632,0.5011935830116272,0.5013834238052368,0.5020345449447632,0.5027126669883728,0.5029839277267456,0.5021158456802368,0.5033365488052368,0.5040147304534912,0.503662109375,0.5050455331802368,0.5091146230697632,0.5093315839767456,0.5058322548866272,0.5200737714767456,0.33906251192092896
4,800,0.34490740299224854,0.5013021230697632,0.4978298544883728,0.5008680820465088,0.5017361044883728,0.5056423544883728,0.5034722089767456,0.5078125,0.5073784589767456,0.5047743320465088,0.5013021230697632,0.5056423544883728,0.4943576455116272,0.5065103769302368,0.5034722089767456,0.5013021230697632,0.50390625,0.5026041269302368,0.5026041269302368,0.5045572519302368,0.5041232705116272,0.5028212070465088,0.5018446445465088,0.5026041269302368,0.5026041269302368,0.5054253339767456,0.5018446445465088,0.5027126669883728,0.5028212070465088,0.5026041269302368,0.5016275644302368,0.5041232705116272,0.5030381679534912,0.5040147304534912,0.5007595419883728,0.5020616054534912,0.5015190839767456,0.5021158456802368,0.5004611611366272,0.5012478232383728,0.5023871660232544,0.5012478232383728,0.5015733242034912,0.5020616054534912,0.5025770664215088,0.5029568076133728,0.5021701455116272,0.5034450888633728,0.5040419101715088,0.5037163496017456,0.5055881142616272,0.5090603232383728,0.5096842050552368,0.5057779550552368,0.5205349326133728,0.33906251192092896
4,1000,0.3495370149612427,0.5013021230697632,0.4973958134651184,0.5043402910232544,0.50390625,0.5082465410232544,0.5013021230697632,0.5086805820465088,0.5069444179534912,0.5052083730697632,0.5,0.5056423544883728,0.4991319179534912,0.5073784589767456,0.5034722089767456,0.5021701455116272,0.5030381679534912,0.5017361044883728,0.5021701455116272,0.5049912929534912,0.5041232705116272,0.5024956464767456,0.5018446445465088,0.5029296875,0.5028212070465088,0.5057508945465088,0.5020616054534912,0.5028212070465088,0.5032552480697632,0.5032552480697632,0.501953125,0.5044487714767456,0.5036892294883728,0.5042318105697632,0.5008680820465088,0.5024956464767456,0.5021701455116272,0.5022786855697632,0.5003526210784912,0.5015190839767456,0.5025228261947632,0.5011935830116272,0.5015462636947632,0.5020887851715088,0.5027669668197632,0.503173828125,0.5024685263633728,0.5035806894302368,0.5043674111366272,0.5039876699447632,0.505859375,0.5095757246017456,0.5102810263633728,0.5059407949447632,0.5212673544883728,0.3359375
4,1200,0.3541666865348816,0.4991319179534912,0.49609375,0.5052083730697632,0.5034722089767456,0.5112847089767456,0.5026041269302368,0.5091146230697632,0.5078125,0.5065103769302368,0.5017361044883728,0.5056423544883728,0.4986979365348816,0.5069444179534912,0.5047743320465088,0.5017361044883728,0.50390625,0.5013021230697632,0.5026041269302368,0.5052083730697632,0.5043402910232544,0.5027126669883728,0.5022786855697632,0.5027126669883728,0.5026041269302368,0.5050998330116272,0.5018446445465088,0.5031467080116272,0.5034722089767456,0.5033637285232544,0.5022786855697632,0.5045572519302368,0.5032552480697632,0.5044487714767456,0.5006510019302368,0.5026041269302368,0.5015190839767456,0.5023329257965088,0.5005967617034912,0.5013291835784912,0.5025228261947632,0.5011935830116272,0.5016547441482544,0.5023057460784912,0.5029568076133728,0.5032823085784912,0.5025498867034912,0.503662109375,0.5044487714767456,0.5043131113052368,0.5055609941482544,0.5093587636947632,0.5105522871017456,0.5062391757965088,0.5214572548866272,0.33437496423721313
4,1400,0.3495370149612427,0.5017361044883728,0.4947916865348816,0.5069444179534912,0.5030381679534912,0.5104166269302368,0.5017361044883728,0.5078125,0.5082465410232544,0.5056423544883728,0.5030381679534912,0.5065103769302368,0.4991319179534912,0.5073784589767456,0.5043402910232544,0.5021701455116272,0.5030381679534912,0.5021701455116272,0.5013021230697632,0.505859375,0.5040147304534912,0.5026041269302368,0.5017361044883728,0.5027126669883728,0.5027126669883728,0.5056423544883728,0.5022786855697632,0.5030381679534912,0.5032552480697632,0.5031467080116272,0.5024956464767456,0.5046657919883728,0.5035806894302368,0.5046657919883728,0.5002170205116272,0.5027126669883728,0.5010850429534912,0.50244140625,0.5007053017616272,0.5011122226715088,0.5027126669883728,0.5012749433517456,0.5016547441482544,0.5022786855697632,0.5032009482383728,0.5032552480697632,0.5026584267616272,0.5036892294883728,0.504638671875,0.5043402910232544,0.505859375,0.5092502236366272,0.5105251669883728,0.50634765625,0.5213758945465088,0.33281248807907104
4,1600,0.35185182094573975,0.4978298544883728,0.4965277910232544,0.5056423544883728,0.5021701455116272,0.5095486044883728,0.5021701455116272,0.5082465410232544,0.5069444179534912,0.5073784589767456,0.5021701455116272,0.5060763955116272,0.4991319179534912,0.5082465410232544,0.5043402910232544,0.5026041269302368,0.50390625,0.5026041269302368,0.5013021230697632,0.5056423544883728,0.5043402910232544,0.5030381679534912,0.5015190839767456,0.5028212070465088,0.5033637285232544,0.5061849355697632,0.501953125,0.5036892294883728,0.5034722089767456,0.5032552480697632,0.5010850429534912,0.5050998330116272,0.5034722089767456,0.5046657919883728,0.5005425214767456,0.5031467080116272,0.5022786855697632,0.5026584267616272,0.5007595419883728,0.5013563632965088,0.5024685263633728,0.5011664628982544,0.5018446445465088,0.50244140625,0.5033094882965088,0.5033908486366272,0.5029296875,0.5037705898284912,0.5049370527267456,0.5045030117034912,0.506103515625,0.5097385048866272,0.51123046875,0.5066189169883728,0.5221625566482544,0.33437496423721313
5,0,0.3541666865348816,0.4991319179534912,0.49609375,0.5082465410232544,0.5034722089767456,0.5108506679534912,0.5034722089767456,0.5082465410232544,0.5078125,0.5069444179534912,0.5017361044883728,0.5052083730697632,0.4995659589767456,0.5073784589767456,0.5043402910232544,0.5030381679534912,0.5034722089767456,0.5026041269302368,0.5013021230697632,0.505859375,0.5044487714767456,0.5031467080116272,0.5013021230697632,0.5027126669883728,0.5035806894302368,0.5055338144302368,0.5021701455116272,0.5037977695465088,0.5036892294883728,0.5031467080116272,0.5018446445465088,0.5046657919883728,0.5031467080116272,0.5047743320465088,0.5002170205116272,0.5033637285232544,0.5026041269302368,0.5025498867034912,0.5006781816482544,0.5015190839767456,0.5027397871017456,0.5012478232383728,0.5016275644302368,0.5024956464767456,0.5034722089767456,0.5033908486366272,0.5029568076133728,0.5039876699447632,0.5049642324447632,0.5046657919883728,0.5062391757965088,0.509765625,0.5112847089767456,0.5066189169883728,0.522216796875,0.33906251192092896
5,200,0.3541666865348816,0.4991319179534912,0.4956597089767456,0.5078125,0.5017361044883728,0.5095486044883728,0.5030381679534912,0.5095486044883728,0.5078125,0.5078125,0.5026041269302368,0.5056423544883728,0.4982638955116272,0.5060763955116272,0.5052083730697632,0.5021701455116272,0.5034722089767456,0.5026041269302368,0.5013021230697632,0.505859375,0.5040147304534912,0.5029296875,0.5018446445465088,0.5024956464767456,0.5033637285232544,0.5061849355697632,0.501953125,0.50390625,0.5040147304534912,0.5034722089767456,0.5015190839767456,0.5049912929534912,0.5031467080116272,0.5045572519302368,0.5007595419883728,0.5036892294883728,0.5021701455116272,0.5026041269302368,0.5008138418197632,0.5014106035232544,0.5028754472732544,0.5015190839767456,0.5016547441482544,0.5025228261947632,0.5035536289215088,0.5033094882965088,0.5029025673866272,0.5041775107383728,0.5052896738052368,0.5047471523284912,0.5064018964767456,0.5100640058517456,0.5118544101715088,0.5066732168197632,0.5227321982383728,0.34062498807907104
5,400,0.35648149251937866,0.4982638955116272,0.5,0.5073784589767456,0.5043402910232544,0.5104166269302368,0.5052083730697632,0.5091146230697632,0.5082465410232544,0.5069444179534912,0.5008680820465088,0.5047743320465088,0.4986979365348816,0.5069444179534912,0.5052083730697632,0.5026041269302368,0.5043402910232544,0.5026041269302368,0.5013021230697632,0.5067274570465088,0.5041232705116272,0.5036892294883728,0.5009765625,0.5029296875,0.5032552480697632,0.5062934160232544,0.5023871660232544,0.50390625,0.5037977695465088,0.5032552480697632,0.5015190839767456,0.5050998330116272,0.5034722089767456,0.5047743320465088,0.5013021230697632,0.5037977695465088,0.5021701455116272,0.5027126669883728,0.5006510019302368,0.5016547441482544,0.5029568076133728,0.5016547441482544,0.5017361044883728,0.5024142861366272,0.5035264492034912,0.5035536289215088,0.5032280683517456,0.5040961503982544,0.5055609941482544,0.5050455331802368,0.5061306357383728,0.5104166269302368,0.5117458701133728,0.5068088173866272,0.5228677988052368,0.34062498807907104
5,600,0.36574071645736694,0.4995659589767456,0.5,0.5065103769302368,0.5047743320465088,0.5108506679534912,0.5056423544883728,0.5099826455116272,0.5091146230697632,0.5069444179534912,0.5030381679534912,0.5056423544883728,0.4973958134651184,0.5060763955116272,0.5047743320465088,0.5030381679534912,0.50390625,0.5030381679534912,0.5017361044883728,0.5065103769302368,0.5044487714767456,0.5043402910232544,0.5018446445465088,0.5030381679534912,0.5031467080116272,0.5068359375,0.5024956464767456,0.5040147304534912,0.5036892294883728,0.5029296875,0.5017361044883728,0.5056423544883728,0.5034722089767456,0.5052083730697632,0.5006510019302368,0.5040147304534912,0.5020616054534912,0.5026584267616272,0.5008680820465088,0.5016547441482544,0.5031195878982544,0.5018446445465088,0.5019260048866272,0.5025770664215088,0.5034993886947632,0.5037705898284912,0.5033908486366272,0.5040689706802368,0.5057237148284912,0.505126953125,0.5069444179534912,0.5109592080116272,0.5118814706802368,0.5071614980697632,0.5233560800552368,0.33906251192092896
5,800,0.36574071645736694,0.4995659589767456,0.4995659589767456,0.5052083730697632,0.5026041269302368,0.5095486044883728,0.5073784589767456,0.5099826455116272,0.5082465410232544,0.5091146230697632,0.5026041269302368,0.5043402910232544,0.4965277910232544,0.5065103769302368,0.5052083730697632,0.50390625,0.5056423544883728,0.50390625,0.5013021230697632,0.5071614980697632,0.5045572519302368,0.5042318105697632,0.501953125,0.5032552480697632,0.5032552480697632,0.5071614980697632,0.5028212070465088,0.5043402910232544,0.5045572519302368,0.5027126669883728,0.5023871660232544,0.5060763955116272,0.5037977695465088,0.5049912929534912,0.5004340410232544,0.5035806894302368,0.5020616054534912,0.5027126669883728,0.5010579824447632,0.5018174648284912,0.5030924081802368,0.5020073652267456,0.5022786855697632,0.5025770664215088,0.5034993886947632,0.5040419101715088,0.503662109375,0.5043131113052368,0.5059136152267456,0.5054525136947632,0.50732421875,0.5109320878982544,0.5120985507965088,0.5071885585784912,0.5238443613052368,0.34062498807907104
5,1000,0.3634259104728699,0.4995659589767456,0.4991319179534912,0.5052083730697632,0.5030381679534912,0.5112847089767456,0.5060763955116272,0.5078125,0.5095486044883728,0.5082465410232544,0.5013021230697632,0.5047743320465088,0.4965277910232544,0.5065103769302368,0.5060763955116272,0.5030381679534912,0.5052083730697632,0.5052083730697632,0.5026041269302368,0.5073784589767456,0.5046657919883728,0.5043402910232544,0.5021701455116272,0.5035806894302368,0.5031467080116272,0.5066189169883728,0.5029296875,0.5047743320465088,0.5041232705116272,0.5028212070465088,0.501953125,0.5059678554534912,0.5035806894302368,0.5050998330116272,0.5011935830116272,0.5044487714767456,0.5020616054534912,0.5028212070465088,0.5010308027267456,0.5021701455116272,0.5032552480697632,0.5020887851715088,0.5023057460784912,0.5028482675552368,0.5037977695465088,0.5042588710784912,0.5037705898284912,0.5043674111366272,0.5058322548866272,0.5055338144302368,0.5072427988052368,0.5112033486366272,0.5124782919883728,0.5071614980697632,0.524169921875,0.3374999761581421
5,1200,0.36574071645736694,0.5026041269302368,0.5,0.5069444179534912,0.50390625,0.5121527910232544,0.5056423544883728,0.5104166269302368,0.5104166269302368,0.5091146230697632,0.5043402910232544,0.5052083730697632,0.49609375,0.5073784589767456,0.5060763955116272,0.5034722089767456,0.5060763955116272,0.5052083730697632,0.5017361044883728,0.5078125,0.5043402910232544,0.5044487714767456,0.5023871660232544,0.5034722089767456,0.5032552480697632,0.5074869394302368,0.5023871660232544,0.5047743320465088,0.5044487714767456,0.5030381679534912,0.5028212070465088,0.5060763955116272,0.50390625,0.5050998330116272,0.5014106035232544,0.5041232705116272,0.5021701455116272,0.5029839277267456,0.5011392831802368,0.502197265625,0.5032280683517456,0.5021701455116272,0.5026041269302368,0.5030381679534912,0.5037163496017456,0.5042860507965088,0.50390625,0.5045844316482544,0.5060492753982544,0.5056966543197632,0.50732421875,0.5115560293197632,0.5130208730697632,0.5076497793197632,0.5242784023284912,0.3374999761581421
5,1400,0.368055522441864,0.4995659589767456,0.4991319179534912,0.5052083730697632,0.5047743320465088,0.5112847089767456,0.5052083730697632,0.5112847089767456,0.5091146230697632,0.5095486044883728,0.5034722089767456,0.5069444179534912,0.4965277910232544,0.5073784589767456,0.5060763955116272,0.5034722089767456,0.5060763955116272,0.5047743320465088,0.5017361044883728,0.5078125,0.5048828125,0.5048828125,0.5029296875,0.5034722089767456,0.5036892294883728,0.5078125,0.5031467080116272,0.5049912929534912,0.5044487714767456,0.5032552480697632,0.5029296875,0.5057508945465088,0.5035806894302368,0.5047743320465088,0.5020616054534912,0.50390625,0.5015190839767456,0.5029839277267456,0.5010036826133728,0.5023599863052368,0.5033365488052368,0.5023871660232544,0.5023871660232544,0.5030653476715088,0.5037705898284912,0.5043674111366272,0.50390625,0.5045030117034912,0.5059407949447632,0.5060220956802368,0.5077040195465088,0.51123046875,0.5133463144302368,0.5077310800552368,0.5242241621017456,0.34062498807907104
5,1600,0.37037038803100586,0.5021701455116272,0.4995659589767456,0.5091146230697632,0.50390625,0.5121527910232544,0.5043402910232544,0.51171875,0.5104166269302368,0.5099826455116272,0.50390625,0.5056423544883728,0.4978298544883728,0.5078125,0.5069444179534912,0.5047743320465088,0.5060763955116272,0.50390625,0.5013021230697632,0.5078125,0.5046657919883728,0.5045572519302368,0.5029296875,0.5040147304534912,0.5032552480697632,0.5077040195465088,0.5031467080116272,0.5044487714767456,0.5049912929534912,0.5037977695465088,0.5030381679534912,0.5060763955116272,0.5035806894302368,0.5049912929534912,0.5014106035232544,0.5041232705116272,0.501953125,0.5029296875,0.5008680820465088,0.5023871660232544,0.5033637285232544,0.5025228261947632,0.5026313066482544,0.5030653476715088,0.5040689706802368,0.5044487714767456,0.50390625,0.5046657919883728,0.5061849355697632,0.505859375,0.5077853798866272,0.5110134482383728,0.5131564736366272,0.5080837607383728,0.5243326425552368,0.33906251192092896
6,0,0.368055522441864,0.5030381679534912,0.4973958134651184,0.5099826455116272,0.5043402910232544,0.5104166269302368,0.5065103769302368,0.51171875,0.5099826455116272,0.5091146230697632,0.50390625,0.5056423544883728,0.4982638955116272,0.5086805820465088,0.5065103769302368,0.5047743320465088,0.5060763955116272,0.5043402910232544,0.5013021230697632,0.5078125,0.5047743320465088,0.5040147304534912,0.5030381679534912,0.5041232705116272,0.5033637285232544,0.5075954794883728,0.5028212070465088,0.5045572519302368,0.5049912929534912,0.5037977695465088,0.5030381679534912,0.5059678554534912,0.5037977695465088,0.5050998330116272,0.5018446445465088,0.5043402910232544,0.5020616054534912,0.5030924081802368,0.5008409023284912,0.5024685263633728,0.50341796875,0.5025228261947632,0.5028212070465088,0.5032009482383728,0.5040419101715088,0.5045572519302368,0.5040147304534912,0.504638671875,0.5062934160232544,0.505859375,0.5081380605697632,0.5111490488052368,0.5133192539215088,0.5083550214767456,0.5244683027267456,0.33906251192092896
6,200,0.375,0.5013021230697632,0.4978298544883728,0.5091146230697632,0.5047743320465088,0.5121527910232544,0.5056423544883728,0.5108506679534912,0.5108506679534912,0.5091146230697632,0.5043402910232544,0.5069444179534912,0.496961772441864,0.5086805820465088,0.5069444179534912,0.50390625,0.5056423544883728,0.5052083730697632,0.5008680820465088,0.5075954794883728,0.5046657919883728,0.5044487714767456,0.5029296875,0.5042318105697632,0.5036892294883728,0.5077040195465088,0.5034722089767456,0.5047743320465088,0.5052083730697632,0.5037977695465088,0.5030381679534912,0.5059678554534912,0.5036892294883728,0.5053168535232544,0.5017361044883728,0.5049912929534912,0.5021701455116272,0.5032552480697632,0.5009765625,0.5023057460784912,0.5036078691482544,0.5026313066482544,0.5027940273284912,0.5032552480697632,0.5043131113052368,0.5045572519302368,0.5044216513633728,0.5048285722732544,0.5065646767616272,0.5061577558517456,0.5083550214767456,0.5113661289215088,0.5135091543197632,0.5081923007965088,0.5250922441482544,0.34687501192092896
6,400,0.3819444179534912,0.5013021230697632,0.5,0.5108506679534912,0.50390625,0.5121527910232544,0.5056423544883728,0.5125868320465088,0.5095486044883728,0.5091146230697632,0.5047743320465088,0.5060763955116272,0.4991319179534912,0.5099826455116272,0.5060763955116272,0.5047743320465088,0.5056423544883728,0.5043402910232544,0.5013021230697632,0.5075954794883728,0.5047743320465088,0.5042318105697632,0.5033637285232544,0.5041232705116272,0.5033637285232544,0.5077040195465088,0.50390625,0.5049912929534912,0.5050998330116272,0.50390625,0.5033637285232544,0.5065103769302368,0.5033637285232544,0.5055338144302368,0.501953125,0.5053168535232544,0.5023871660232544,0.50341796875,0.5011122226715088,0.5024685263633728,0.5036892294883728,0.5027940273284912,0.5029296875,0.5032823085784912,0.5044487714767456,0.5045572519302368,0.5042860507965088,0.5047471523284912,0.5066732168197632,0.5061577558517456,0.5085991621017456,0.5118001699447632,0.5141872763633728,0.5085720419883728,0.5253363847732544,0.3453124761581421
6,600,0.3865740895271301,0.5021701455116272,0.4986979365348816,0.5078125,0.5052083730697632,0.5121527910232544,0.50390625,0.5121527910232544,0.5104166269302368,0.5104166269302368,0.50390625,0.5065103769302368,0.5,0.5095486044883728,0.5069444179534912,0.5043402910232544,0.5060763955116272,0.5047743320465088,0.5013021230697632,0.5073784589767456,0.5049912929534912,0.5045572519302368,0.5035806894302368,0.5047743320465088,0.5037977695465088,0.5075954794883728,0.5036892294883728,0.5048828125,0.5053168535232544,0.50390625,0.5035806894302368,0.5068359375,0.5030381679534912,0.5055338144302368,0.5021701455116272,0.5056423544883728,0.5026041269302368,0.5035806894302368,0.5010036826133728,0.5027126669883728,0.5040961503982544,0.5028212070465088,0.5028482675552368,0.5033908486366272,0.5046115517616272,0.5048285722732544,0.5043674111366272,0.5049912929534912,0.5066189169883728,0.506103515625,0.5087076425552368,0.5122884511947632,0.5145127773284912,0.5088704824447632,0.5256076455116272,0.34843748807907104
6,800,0.3981481194496155,0.5013021230697632,0.5004340410232544,0.5104166269302368,0.5052083730697632,0.5121527910232544,0.5021701455116272,0.5125868320465088,0.5104166269302368,0.5095486044883728,0.50390625,0.5065103769302368,0.4995659589767456,0.5095486044883728,0.5069444179534912,0.5052083730697632,0.5052083730697632,0.50390625,0.5021701455116272,0.5073784589767456,0.5053168535232544,0.5046657919883728,0.5034722089767456,0.5043402910232544,0.50390625,0.5077040195465088,0.5034722089767456,0.5047743320465088,0.5049912929534912,0.5037977695465088,0.5034722089767456,0.5070529580116272,0.5032552480697632,0.5061849355697632,0.5021701455116272,0.5053168535232544,0.5034722089767456,0.5037435293197632,0.5010850429534912,0.5027397871017456,0.5039876699447632,0.5031195878982544,0.5029296875,0.5033908486366272,0.5048828125,0.505126953125,0.5045301914215088,0.5050727128982544,0.5069173574447632,0.5061306357383728,0.5089247226715088,0.5126410722732544,0.5152451992034912,0.5087619423866272,0.5257432460784912,0.34999996423721313
6,1000,0.4004629850387573,0.5021701455116272,0.4995659589767456,0.5108506679534912,0.5034722089767456,0.5099826455116272,0.5034722089767456,0.5134548544883728,0.5108506679534912,0.5095486044883728,0.5034722089767456,0.5065103769302368,0.4991319179534912,0.5099826455116272,0.5069444179534912,0.5043402910232544,0.5056423544883728,0.5047743320465088,0.5013021230697632,0.5069444179534912,0.5054253339767456,0.5047743320465088,0.50390625,0.5045572519302368,0.5040147304534912,0.5078125,0.5037977695465088,0.5048828125,0.5056423544883728,0.5040147304534912,0.5033637285232544,0.5074869394302368,0.5037977695465088,0.5068359375,0.5022786855697632,0.5054253339767456,0.5032552480697632,0.5035806894302368,0.5013291835784912,0.5027397871017456,0.5042046308517456,0.5032552480697632,0.5032823085784912,0.5037163496017456,0.5052083730697632,0.5052626132965088,0.5049642324447632,0.5052354335784912,0.5072427988052368,0.5064018964767456,0.5089247226715088,0.5128037929534912,0.5152181386947632,0.5090603232383728,0.5257432460784912,0.3515625
6,1200,0.4027777910232544,0.5030381679534912,0.4995659589767456,0.5099826455116272,0.5060763955116272,0.5121527910232544,0.5030381679534912,0.5138888955116272,0.5108506679534912,0.5104166269302368,0.5043402910232544,0.5065103769302368,0.4986979365348816,0.5099826455116272,0.5069444179534912,0.5047743320465088,0.5069444179534912,0.5052083730697632,0.5013021230697632,0.5071614980697632,0.5048828125,0.505859375,0.5033637285232544,0.5047743320465088,0.5044487714767456,0.5079209804534912,0.5031467080116272,0.5048828125,0.5060763955116272,0.5042318105697632,0.5036892294883728,0.5077040195465088,0.5037977695465088,0.5066189169883728,0.5022786855697632,0.5056423544883728,0.5032552480697632,0.5035806894302368,0.50146484375,0.5027940273284912,0.5041232705116272,0.5030653476715088,0.5033637285232544,0.5037977695465088,0.5050998330116272,0.5053168535232544,0.5050455331802368,0.5055338144302368,0.5075954794883728,0.5065646767616272,0.5093858242034912,0.5134548544883728,0.5154350996017456,0.5092502236366272,0.5263400673866272,0.34843748807907104
6,1400,0.4097222089767456,0.5021701455116272,0.5,0.5099826455116272,0.5047743320465088,0.5134548544883728,0.5043402910232544,0.5125868320465088,0.51171875,0.5095486044883728,0.5047743320465088,0.5073784589767456,0.4986979365348816,0.5095486044883728,0.5078125,0.5047743320465088,0.5056423544883728,0.5047743320465088,0.5013021230697632,0.5075954794883728,0.5054253339767456,0.505859375,0.5033637285232544,0.5047743320465088,0.5040147304534912,0.5085720419883728,0.5041232705116272,0.5045572519302368,0.5059678554534912,0.50390625,0.5035806894302368,0.5081380605697632,0.5036892294883728,0.5067274570465088,0.5021701455116272,0.505859375,0.5024956464767456,0.5037977695465088,0.5014377236366272,0.5031195878982544,0.5040689706802368,0.5033365488052368,0.5033094882965088,0.5038791298866272,0.5051540732383728,0.5053439736366272,0.5052083730697632,0.5056966543197632,0.5077853798866272,0.5068359375,0.5097385048866272,0.5136176347732544,0.5151638388633728,0.5096029043197632,0.5263400673866272,0.3531249761581421
6,1600,0.40740740299224854,0.5030381679534912,0.5004340410232544,0.5082465410232544,0.5030381679534912,0.5121527910232544,0.5047743320465088,0.5138888955116272,0.51171875,0.5108506679534912,0.5047743320465088,0.5065103769302368,0.4973958134651184,0.5099826455116272,0.5073784589767456,0.5052083730697632,0.5043402910232544,0.5047743320465088,0.5017361044883728,0.5080295205116272,0.5056423544883728,0.5056423544883728,0.5036892294883728,0.5047743320465088,0.5045572519302368,0.5083550214767456,0.5040147304534912,0.5048828125,0.5059678554534912,0.5043402910232544,0.50390625,0.5074869394302368,0.5034722089767456,0.5069444179534912,0.5020616054534912,0.505859375,0.5027126669883728,0.5037435293197632,0.5015190839767456,0.5030924081802368,0.5043131113052368,0.503173828125,0.5034450888633728,0.5040961503982544,0.5054253339767456,0.5054795742034912,0.5052626132965088,0.5055881142616272,0.5080024003982544,0.5070258378982544,0.5099012851715088,0.5139974355697632,0.5153537392616272,0.5094130039215088,0.5264756679534912,0.35468751192092896
7,0,0.4097222089767456,0.5017361044883728,0.5,0.5091146230697632,0.5043402910232544,0.5121527910232544,0.5056423544883728,0.5138888955116272,0.5121527910232544,0.5108506679534912,0.5047743320465088,0.5073784589767456,0.4986979365348816,0.5095486044883728,0.5073784589767456,0.5047743320465088,0.5052083730697632,0.5047743320465088,0.5017361044883728,0.5071614980697632,0.5059678554534912,0.5050998330116272,0.5030381679534912,0.5048828125,0.5045572519302368,0.5081380605697632,0.5040147304534912,0.5045572519302368,0.5059678554534912,0.5036892294883728,0.5040147304534912,0.5072699785232544,0.50390625,0.5070529580116272,0.5024956464767456,0.505859375,0.5031467080116272,0.5037435293197632,0.5017361044883728,0.5030653476715088,0.504150390625,0.5032823085784912,0.5036892294883728,0.5040689706802368,0.5055881142616272,0.5054253339767456,0.5054253339767456,0.505859375,0.5079209804534912,0.5071885585784912,0.5097927451133728,0.5144857168197632,0.5158420205116272,0.5097113847732544,0.5268012285232544,0.3531249761581421
7,200,0.41435182094573975,0.5030381679534912,0.4991319179534912,0.5082465410232544,0.50390625,0.51171875,0.5043402910232544,0.5138888955116272,0.5121527910232544,0.5108506679534912,0.5047743320465088,0.5069444179534912,0.4982638955116272,0.5086805820465088,0.5073784589767456,0.5052083730697632,0.5052083730697632,0.5052083730697632,0.5021701455116272,0.5067274570465088,0.5050998330116272,0.5055338144302368,0.5030381679534912,0.5045572519302368,0.5046657919883728,0.5082465410232544,0.5041232705116272,0.5045572519302368,0.5062934160232544,0.5043402910232544,0.5041232705116272,0.5080295205116272,0.50390625,0.5067274570465088,0.5027126669883728,0.5056423544883728,0.5032552480697632,0.5038520097732544,0.5017632246017456,0.5032552480697632,0.5044759511947632,0.50341796875,0.5036078691482544,0.5039604902267456,0.5056966543197632,0.5058864951133728,0.5053982138633728,0.505859375,0.5084092617034912,0.5073513388633728,0.5100368857383728,0.5140244960784912,0.5166015625,0.509521484375,0.5270181894302368,0.35781246423721313
7,400,0.4166666865348816,0.50390625,0.5004340410232544,0.5112847089767456,0.5060763955116272,0.5134548544883728,0.50390625,0.5143228769302368,0.5125868320465088,0.5108506679534912,0.5043402910232544,0.5078125,0.4982638955116272,0.5099826455116272,0.5073784589767456,0.5056423544883728,0.50390625,0.5060763955116272,0.5026041269302368,0.5071614980697632,0.5062934160232544,0.5056423544883728,0.5037977695465088,0.5048828125,0.5048828125,0.5083550214767456,0.5043402910232544,0.5053168535232544,0.5062934160232544,0.5048828125,0.5041232705116272,0.5081380605697632,0.5036892294883728,0.5074869394302368,0.5028212070465088,0.5057508945465088,0.50390625,0.5037977695465088,0.5017904043197632,0.5033365488052368,0.5043674111366272,0.5033094882965088,0.5039604902267456,0.5040419101715088,0.5056966543197632,0.5062119960784912,0.5051811933517456,0.5058864951133728,0.5082736611366272,0.507568359375,0.5102810263633728,0.5142415761947632,0.5166286826133728,0.5097927451133728,0.5272895097732544,0.3515625
7,600,0.42129629850387573,0.5056423544883728,0.4991319179534912,0.51171875,0.5047743320465088,0.5130208730697632,0.5043402910232544,0.5130208730697632,0.5130208730697632,0.51171875,0.5060763955116272,0.5078125,0.5004340410232544,0.5095486044883728,0.5073784589767456,0.5043402910232544,0.5030381679534912,0.5056423544883728,0.5026041269302368,0.5080295205116272,0.5066189169883728,0.5057508945465088,0.5042318105697632,0.5046657919883728,0.5048828125,0.5094400644302368,0.5046657919883728,0.5052083730697632,0.5062934160232544,0.5048828125,0.5044487714767456,0.5085720419883728,0.50390625,0.5080295205116272,0.5035806894302368,0.5060763955116272,0.5040147304534912,0.5040147304534912,0.5020073652267456,0.5031195878982544,0.5046115517616272,0.5033908486366272,0.5038248300552368,0.5043131113052368,0.5054795742034912,0.5061577558517456,0.5057508945465088,0.5061577558517456,0.5083279013633728,0.5075141191482544,0.5103895664215088,0.5143771767616272,0.5169813632965088,0.5098741054534912,0.527587890625,0.35468751192092896
7,800,0.42129629850387573,0.50390625,0.4965277910232544,0.5112847089767456,0.5043402910232544,0.5134548544883728,0.5034722089767456,0.5138888955116272,0.5143228769302368,0.5108506679534912,0.5047743320465088,0.5078125,0.5004340410232544,0.5099826455116272,0.5069444179534912,0.5056423544883728,0.5026041269302368,0.5056423544883728,0.5021701455116272,0.5078125,0.5062934160232544,0.5059678554534912,0.5040147304534912,0.5046657919883728,0.5050998330116272,0.5090060830116272,0.5041232705116272,0.5056423544883728,0.5065103769302368,0.5047743320465088,0.5042318105697632,0.5084635019302368,0.5037977695465088,0.5084635019302368,0.5029296875,0.5059678554534912,0.5037977695465088,0.5045030117034912,0.5018446445465088,0.5034450888633728,0.5046115517616272,0.5034993886947632,0.50390625,0.5042046308517456,0.505859375,0.5063205361366272,0.5060763955116272,0.5063205361366272,0.5086534023284912,0.5078396201133728,0.5104438066482544,0.51513671875,0.5174424648284912,0.5101996660232544,0.5278591513633728,0.3531249761581421
7,1000,0.42129629850387573,0.5017361044883728,0.4991319179534912,0.5104166269302368,0.5052083730697632,0.5143228769302368,0.5047743320465088,0.5143228769302368,0.515625,0.5108506679534912,0.5065103769302368,0.5082465410232544,0.5013021230697632,0.5091146230697632,0.5073784589767456,0.5060763955116272,0.5047743320465088,0.5069444179534912,0.5030381679534912,0.5078125,0.5069444179534912,0.505859375,0.5042318105697632,0.5049912929534912,0.5050998330116272,0.5096571445465088,0.5045572519302368,0.5054253339767456,0.5061849355697632,0.5054253339767456,0.5045572519302368,0.5085720419883728,0.5047743320465088,0.5086805820465088,0.5031467080116272,0.505859375,0.5036892294883728,0.5045030117034912,0.5017632246017456,0.5034450888633728,0.5046657919883728,0.5038248300552368,0.5042588710784912,0.5043674111366272,0.5056966543197632,0.5065103769302368,0.506103515625,0.5062119960784912,0.5085720419883728,0.5078667402267456,0.5107693076133728,0.5152181386947632,0.5177680253982544,0.5103081464767456,0.5281304121017456,0.35468751192092896
7,1200,0.4236111044883728,0.5,0.5,0.5091146230697632,0.5026041269302368,0.515625,0.5065103769302368,0.5134548544883728,0.515625,0.5099826455116272,0.5069444179534912,0.5073784589767456,0.5013021230697632,0.5091146230697632,0.5073784589767456,0.5043402910232544,0.5030381679534912,0.5069444179534912,0.5026041269302368,0.5075954794883728,0.5068359375,0.5062934160232544,0.5041232705116272,0.5054253339767456,0.5050998330116272,0.5096571445465088,0.5046657919883728,0.5057508945465088,0.5065103769302368,0.5050998330116272,0.5044487714767456,0.5083550214767456,0.5054253339767456,0.5087890625,0.5032552480697632,0.5056423544883728,0.5036892294883728,0.5046657919883728,0.5019802451133728,0.5037705898284912,0.5049370527267456,0.5037163496017456,0.5042588710784912,0.5045030117034912,0.5058322548866272,0.5067545175552368,0.506103515625,0.5064290761947632,0.5087890625,0.5081380605697632,0.5108506679534912,0.5150010585784912,0.517578125,0.5103353261947632,0.5281575918197632,0.35468751192092896
7,1400,0.42824071645736694,0.5004340410232544,0.5,0.5130208730697632,0.5056423544883728,0.5164930820465088,0.5069444179534912,0.5143228769302368,0.5147569179534912,0.5091146230697632,0.5065103769302368,0.5086805820465088,0.4995659589767456,0.5086805820465088,0.5073784589767456,0.5043402910232544,0.5043402910232544,0.5060763955116272,0.5030381679534912,0.5078125,0.5074869394302368,0.5060763955116272,0.5045572519302368,0.5052083730697632,0.5054253339767456,0.5098741054534912,0.5045572519302368,0.5061849355697632,0.5066189169883728,0.5052083730697632,0.5047743320465088,0.5094400644302368,0.5048828125,0.5090060830116272,0.5041232705116272,0.505859375,0.5043402910232544,0.5046115517616272,0.5020887851715088,0.5037163496017456,0.5051540732383728,0.5039876699447632,0.5046115517616272,0.5043402910232544,0.5058322548866272,0.5069986581802368,0.5064018964767456,0.5064290761947632,0.5088975429534912,0.508056640625,0.5109592080116272,0.5152181386947632,0.5179849863052368,0.5103353261947632,0.5280219316482544,0.3515625
7,1600,0.42824071645736694,0.5026041269302368,0.4982638955116272,0.5147569179534912,0.5082465410232544,0.5147569179534912,0.5078125,0.515625,0.5160590410232544,0.5104166269302368,0.5069444179534912,0.5091146230697632,0.5,0.5086805820465088,0.5073784589767456,0.5052083730697632,0.50390625,0.5065103769302368,0.5021701455116272,0.5080295205116272,0.5077040195465088,0.5061849355697632,0.5049912929534912,0.5050998330116272,0.5054253339767456,0.5100911855697632,0.5047743320465088,0.505859375,0.5062934160232544,0.5054253339767456,0.5041232705116272,0.5091146230697632,0.5055338144302368,0.5093315839767456,0.5037977695465088,0.5061849355697632,0.5042318105697632,0.5050998330116272,0.5020616054534912,0.5038791298866272,0.5050184726715088,0.5038520097732544,0.5045301914215088,0.5046115517616272,0.5062391757965088,0.507080078125,0.5062391757965088,0.5065103769302368,0.5090874433517456,0.5081651210784912,0.510986328125,0.5152181386947632,0.5179307460784912,0.5106337070465088,0.5280490517616272,0.3515625
8,0,0.43287038803100586,0.5056423544883728,0.5,0.5147569179534912,0.5065103769302368,0.5151909589767456,0.5065103769302368,0.5143228769302368,0.515625,0.5104166269302368,0.5073784589767456,0.5078125,0.5030381679534912,0.5095486044883728,0.5073784589767456,0.5052083730697632,0.5043402910232544,0.5069444179534912,0.5026041269302368,0.5078125,0.5079209804534912,0.5065103769302368,0.5048828125,0.5052083730697632,0.5054253339767456,0.5101996660232544,0.5048828125,0.505859375,0.5066189169883728,0.5052083730697632,0.5048828125,0.5092231035232544,0.5055338144302368,0.5093315839767456,0.5040147304534912,0.5057508945465088,0.5044487714767456,0.5050998330116272,0.5023057460784912,0.5037705898284912,0.5053168535232544,0.5039604902267456,0.5043131113052368,0.5047200918197632,0.5060763955116272,0.5071343183517456,0.5062662363052368,0.5063747763633728,0.5089247226715088,0.5079752206802368,0.5109592080116272,0.5157606601715088,0.5179307460784912,0.5106607675552368,0.5282931923866272,0.3531249761581421
8,200,0.4259259104728699,0.5073784589767456,0.4982638955116272,0.5143228769302368,0.5078125,0.5160590410232544,0.5091146230697632,0.5151909589767456,0.5164930820465088,0.5108506679534912,0.5065103769302368,0.5086805820465088,0.5026041269302368,0.5099826455116272,0.5073784589767456,0.5047743320465088,0.5034722089767456,0.5069444179534912,0.5030381679534912,0.5084635019302368,0.5078125,0.5060763955116272,0.5050998330116272,0.5052083730697632,0.5054253339767456,0.509765625,0.5049912929534912,0.5059678554534912,0.5067274570465088,0.505859375,0.5048828125,0.5094400644302368,0.5056423544883728,0.5091146230697632,0.50390625,0.5056423544883728,0.5044487714767456,0.5052083730697632,0.5023057460784912,0.5036892294883728,0.5053168535232544,0.5040147304534912,0.5047200918197632,0.5049370527267456,0.5064561367034912,0.5068630576133728,0.5064833164215088,0.5064561367034912,0.5091959238052368,0.5083279013633728,0.5111762285232544,0.515625,0.5183919668197632,0.5109049081802368,0.5283745527267456,0.3531249761581421
8,400,0.4375,0.5069444179534912,0.5,0.5134548544883728,0.5078125,0.5147569179534912,0.5060763955116272,0.5169271230697632,0.5164930820465088,0.5108506679534912,0.5078125,0.5082465410232544,0.5017361044883728,0.5091146230697632,0.5073784589767456,0.5047743320465088,0.5052083730697632,0.5069444179534912,0.5026041269302368,0.5086805820465088,0.5072699785232544,0.5067274570465088,0.5052083730697632,0.5053168535232544,0.5056423544883728,0.5104166269302368,0.5047743320465088,0.5064018964767456,0.5064018964767456,0.5060763955116272,0.5055338144302368,0.5095486044883728,0.5054253339767456,0.5098741054534912,0.5042318105697632,0.5054253339767456,0.5046657919883728,0.5052626132965088,0.5021158456802368,0.5037705898284912,0.5052896738052368,0.5042046308517456,0.5045301914215088,0.5052354335784912,0.5062934160232544,0.50732421875,0.5064290761947632,0.5067274570465088,0.5090874433517456,0.5085178017616272,0.5112847089767456,0.5160048007965088,0.5185275673866272,0.5108506679534912,0.529052734375,0.3531249761581421
8,600,0.4444444179534912,0.5069444179534912,0.4982638955116272,0.5143228769302368,0.5065103769302368,0.5169271230697632,0.5073784589767456,0.5173611044883728,0.5160590410232544,0.5112847089767456,0.5073784589767456,0.5078125,0.5013021230697632,0.5099826455116272,0.5078125,0.5056423544883728,0.5065103769302368,0.5065103769302368,0.5026041269302368,0.5093315839767456,0.5075954794883728,0.5060763955116272,0.5050998330116272,0.5056423544883728,0.5057508945465088,0.5111762285232544,0.5052083730697632,0.5066189169883728,0.5065103769302368,0.5064018964767456,0.5054253339767456,0.5092231035232544,0.5056423544883728,0.5095486044883728,0.5041232705116272,0.505859375,0.5047743320465088,0.5055338144302368,0.5024142861366272,0.5040961503982544,0.5052896738052368,0.5042318105697632,0.5049642324447632,0.5053439736366272,0.5064018964767456,0.50732421875,0.5062662363052368,0.5067816972732544,0.5093587636947632,0.5085991621017456,0.5114474892616272,0.5160318613052368,0.5186903476715088,0.5110677480697632,0.5288628339767456,0.35468751192092896
8,800,0.4444444179534912,0.5052083730697632,0.4965277910232544,0.5160590410232544,0.5052083730697632,0.5173611044883728,0.5091146230697632,0.5177951455116272,0.5164930820465088,0.5104166269302368,0.5056423544883728,0.5078125,0.5026041269302368,0.5095486044883728,0.5082465410232544,0.5065103769302368,0.5056423544883728,0.5069444179534912,0.5026041269302368,0.5091146230697632,0.5078125,0.5064018964767456,0.5059678554534912,0.5059678554534912,0.5054253339767456,0.5116102695465088,0.5049912929534912,0.5067274570465088,0.5067274570465088,0.5060763955116272,0.5059678554534912,0.5095486044883728,0.5060763955116272,0.509765625,0.5041232705116272,0.5062934160232544,0.5049912929534912,0.5056423544883728,0.5024685263633728,0.5044487714767456,0.5055881142616272,0.5043674111366272,0.5049912929534912,0.5053982138633728,0.5065646767616272,0.5074056386947632,0.5066460371017456,0.5071071982383728,0.5095486044883728,0.5085178017616272,0.5114203691482544,0.5164930820465088,0.5187174081802368,0.5109320878982544,0.529296875,0.35624998807907104
8,1000,0.4444444179534912,0.5043402910232544,0.4973958134651184,0.5147569179534912,0.5069444179534912,0.5173611044883728,0.5082465410232544,0.5173611044883728,0.5151909589767456,0.5108506679534912,0.5060763955116272,0.5069444179534912,0.5017361044883728,0.5091146230697632,0.5078125,0.5069444179534912,0.5052083730697632,0.5069444179534912,0.5030381679534912,0.5091146230697632,0.5074869394302368,0.5066189169883728,0.5056423544883728,0.5060763955116272,0.5057508945465088,0.5119357705116272,0.5065103769302368,0.5069444179534912,0.5067274570465088,0.5067274570465088,0.5056423544883728,0.5099826455116272,0.5053168535232544,0.5092231035232544,0.5043402910232544,0.5068359375,0.5050998330116272,0.505859375,0.5026041269302368,0.5044759511947632,0.5056966543197632,0.5045030117034912,0.5045572519302368,0.5056966543197632,0.5069986581802368,0.5074326992034912,0.5068630576133728,0.5071071982383728,0.5098741054534912,0.5086805820465088,0.5117729902267456,0.5167372226715088,0.51904296875,0.5110677480697632,0.5299208164215088,0.35468751192092896
8,1200,0.44212961196899414,0.5056423544883728,0.4978298544883728,0.5151909589767456,0.5086805820465088,0.5169271230697632,0.5086805820465088,0.5182291269302368,0.5169271230697632,0.51171875,0.5078125,0.5073784589767456,0.5034722089767456,0.5086805820465088,0.5078125,0.5060763955116272,0.5060763955116272,0.5073784589767456,0.5034722089767456,0.5091146230697632,0.5074869394302368,0.5066189169883728,0.5064018964767456,0.5059678554534912,0.5060763955116272,0.5116102695465088,0.5057508945465088,0.5070529580116272,0.5064018964767456,0.5068359375,0.5059678554534912,0.5092231035232544,0.5065103769302368,0.5093315839767456,0.5054253339767456,0.5061849355697632,0.5050998330116272,0.5059136152267456,0.5024685263633728,0.5047471523284912,0.5058322548866272,0.504638671875,0.5049912929534912,0.5058322548866272,0.5067002773284912,0.5079209804534912,0.5072157382965088,0.5074326992034912,0.5100640058517456,0.5087619423866272,0.5118814706802368,0.5169271230697632,0.5193413496017456,0.5112033486366272,0.5303005576133728,0.35624998807907104
8,1400,0.4444444179534912,0.5047743320465088,0.5008680820465088,0.5160590410232544,0.5078125,0.5177951455116272,0.5078125,0.5169271230697632,0.5173611044883728,0.5108506679534912,0.5086805820465088,0.5069444179534912,0.5034722089767456,0.5095486044883728,0.5082465410232544,0.5056423544883728,0.5056423544883728,0.5069444179534912,0.5034722089767456,0.5093315839767456,0.5078125,0.5070529580116272,0.5059678554534912,0.5065103769302368,0.505859375,0.5124782919883728,0.5061849355697632,0.5068359375,0.5059678554534912,0.5068359375,0.5055338144302368,0.509765625,0.5060763955116272,0.5098741054534912,0.5048828125,0.5061849355697632,0.5053168535232544,0.5060220956802368,0.502685546875,0.5045572519302368,0.5057508945465088,0.5047471523284912,0.5049642324447632,0.5057508945465088,0.5070529580116272,0.5077853798866272,0.5072427988052368,0.5072970986366272,0.5100911855697632,0.5089247226715088,0.5122341513633728,0.516845703125,0.5192328691482544,0.5112033486366272,0.5302463173866272,0.35624998807907104
8,1600,0.45370370149612427,0.5065103769302368,0.4991319179534912,0.5173611044883728,0.5086805820465088,0.5177951455116272,0.5073784589767456,0.5169271230697632,0.5173611044883728,0.5099826455116272,0.5082465410232544,0.5082465410232544,0.5004340410232544,0.5095486044883728,0.5078125,0.5056423544883728,0.5078125,0.5073784589767456,0.5026041269302368,0.5093315839767456,0.5078125,0.5069444179534912,0.5060763955116272,0.5065103769302368,0.5054253339767456,0.5130208730697632,0.5060763955116272,0.5073784589767456,0.5061849355697632,0.5070529580116272,0.5055338144302368,0.5098741054534912,0.5066189169883728,0.5098741054534912,0.5048828125,0.5071614980697632,0.5055338144302368,0.5059678554534912,0.5026313066482544,0.5047743320465088,0.5060220956802368,0.5050455331802368,0.5052896738052368,0.5059136152267456,0.5070529580116272,0.5080837607383728,0.5077040195465088,0.5074056386947632,0.5104166269302368,0.5091416835784912,0.5125868320465088,0.5173882246017456,0.5194498300552368,0.51123046875,0.5308431386947632,0.35468751192092896
9,0,0.45370370149612427,0.5060763955116272,0.5,0.51953125,0.5082465410232544,0.5186631679534912,0.5086805820465088,0.5173611044883728,0.5169271230697632,0.5108506679534912,0.5086805820465088,0.5086805820465088,0.50390625,0.5099826455116272,0.5078125,0.5060763955116272,0.5069444179534912,0.5069444179534912,0.5026041269302368,0.509765625,0.5078125,0.5067274570465088,0.5064018964767456,0.5065103769302368,0.5053168535232544,0.5129123330116272,0.5055338144302368,0.5075954794883728,0.5064018964767456,0.5071614980697632,0.5053168535232544,0.5101996660232544,0.5067274570465088,0.509765625,0.5053168535232544,0.5073784589767456,0.5061849355697632,0.5060763955116272,0.5026584267616272,0.5047743320465088,0.5058051347732544,0.5048285722732544,0.5050998330116272,0.505859375,0.5071071982383728,0.5078396201133728,0.5074869394302368,0.5074056386947632,0.5101996660232544,0.5094130039215088,0.512451171875,0.5174696445465088,0.5195583701133728,0.5114474892616272,0.5307888388633728,0.35624998807907104
9,200,0.45370370149612427,0.5069444179534912,0.5013021230697632,0.5190972089767456,0.5086805820465088,0.5182291269302368,0.5060763955116272,0.5186631679534912,0.5160590410232544,0.5108506679534912,0.5082465410232544,0.5086805820465088,0.5026041269302368,0.5112847089767456,0.5078125,0.5056423544883728,0.5073784589767456,0.5069444179534912,0.5026041269302368,0.5091146230697632,0.5074869394302368,0.5066189169883728,0.5065103769302368,0.5069444179534912,0.5055338144302368,0.5125868320465088,0.5057508945465088,0.5078125,0.5062934160232544,0.5071614980697632,0.5053168535232544,0.5105251669883728,0.5068359375,0.5098741054534912,0.5050998330116272,0.5074869394302368,0.5069444179534912,0.5061306357383728,0.5025228261947632,0.5051540732383728,0.5061577558517456,0.5050727128982544,0.5054253339767456,0.5060492753982544,0.5072427988052368,0.508056640625,0.5076225996017456,0.5074326992034912,0.510498046875,0.5094943642616272,0.5123697519302368,0.5173882246017456,0.5196126699447632,0.5116102695465088,0.5313314199447632,0.35624998807907104
9,400,0.4513888955116272,0.5069444179534912,0.5004340410232544,0.5182291269302368,0.5078125,0.51953125,0.5069444179534912,0.5173611044883728,0.5177951455116272,0.5112847089767456,0.5095486044883728,0.5104166269302368,0.5026041269302368,0.5104166269302368,0.5082465410232544,0.5060763955116272,0.5069444179534912,0.5073784589767456,0.5026041269302368,0.509765625,0.5070529580116272,0.5071614980697632,0.5067274570465088,0.5066189169883728,0.5060763955116272,0.5130208730697632,0.5055338144302368,0.5082465410232544,0.5067274570465088,0.5071614980697632,0.5050998330116272,0.5107421875,0.5066189169883728,0.509765625,0.5047743320465088,0.5071614980697632,0.5061849355697632,0.50634765625,0.5028212070465088,0.5050184726715088,0.5065646767616272,0.5050455331802368,0.5052896738052368,0.506103515625,0.5074598789215088,0.5081923007965088,0.5077853798866272,0.5074326992034912,0.5108778476715088,0.5100640058517456,0.5127767324447632,0.5175238847732544,0.519287109375,0.5115560293197632,0.5314127206802368,0.35624998807907104
9,600,0.4513888955116272,0.5082465410232544,0.5013021230697632,0.5182291269302368,0.5082465410232544,0.5186631679534912,0.5065103769302368,0.5182291269302368,0.5169271230697632,0.51171875,0.5095486044883728,0.5078125,0.50390625,0.5104166269302368,0.5078125,0.5065103769302368,0.5056423544883728,0.5073784589767456,0.5034722089767456,0.5095486044883728,0.5079209804534912,0.5075954794883728,0.5070529580116272,0.5064018964767456,0.505859375,0.5130208730697632,0.5055338144302368,0.5083550214767456,0.5068359375,0.5077040195465088,0.5055338144302368,0.5110677480697632,0.5060763955116272,0.5104166269302368,0.5043402910232544,0.5067274570465088,0.5062934160232544,0.5062934160232544,0.5027669668197632,0.5051540732383728,0.5063747763633728,0.5052896738052368,0.5055338144302368,0.5062934160232544,0.5077582597732544,0.5083279013633728,0.5078667402267456,0.5075412392616272,0.5107421875,0.51025390625,0.51318359375,0.5180121660232544,0.52001953125,0.5119900107383728,0.5318197011947632,0.35781246423721313
9,800,0.4606481194496155,0.5078125,0.5026041269302368,0.5173611044883728,0.5086805820465088,0.5186631679534912,0.5069444179534912,0.5169271230697632,0.5169271230697632,0.5121527910232544,0.5104166269302368,0.5086805820465088,0.5043402910232544,0.5108506679534912,0.5078125,0.5069444179534912,0.5065103769302368,0.5082465410232544,0.5026041269302368,0.509765625,0.5082465410232544,0.5068359375,0.5071614980697632,0.5069444179534912,0.5060763955116272,0.513671875,0.5059678554534912,0.5081380605697632,0.5071614980697632,0.5077040195465088,0.5052083730697632,0.5109592080116272,0.5068359375,0.5104166269302368,0.5040147304534912,0.5070529580116272,0.5057508945465088,0.50634765625,0.5031195878982544,0.5052896738052368,0.5068630576133728,0.50537109375,0.5053168535232544,0.5069444179534912,0.5081651210784912,0.5084906816482544,0.5080837607383728,0.5077853798866272,0.5109592080116272,0.5107421875,0.5133463144302368,0.5181478261947632,0.5198296308517456,0.5119086503982544,0.5323079824447632,0.35781246423721313
9,1000,0.46759259700775146,0.5091146230697632,0.5004340410232544,0.5164930820465088,0.5104166269302368,0.5190972089767456,0.5078125,0.5169271230697632,0.5177951455116272,0.5134548544883728,0.5099826455116272,0.5104166269302368,0.5056423544883728,0.5104166269302368,0.5078125,0.5056423544883728,0.5069444179534912,0.5073784589767456,0.5030381679534912,0.5104166269302368,0.5083550214767456,0.5069444179534912,0.5069444179534912,0.5072699785232544,0.5064018964767456,0.5138888955116272,0.5054253339767456,0.5082465410232544,0.5070529580116272,0.5077040195465088,0.5054253339767456,0.5105251669883728,0.5068359375,0.5105251669883728,0.50390625,0.5074869394302368,0.5061849355697632,0.50634765625,0.5033365488052368,0.5058322548866272,0.5068630576133728,0.505615234375,0.5054525136947632,0.507080078125,0.5081108808517456,0.5085178017616272,0.50830078125,0.5077582597732544,0.5110948085784912,0.510986328125,0.5133192539215088,0.5184462070465088,0.52001953125,0.5118001699447632,0.5323892831802368,0.35624998807907104
9,1200,0.4745370149612427,0.5095486044883728,0.5008680820465088,0.5164930820465088,0.5108506679534912,0.5186631679534912,0.5091146230697632,0.5182291269302368,0.5173611044883728,0.5125868320465088,0.5091146230697632,0.5095486044883728,0.5060763955116272,0.5104166269302368,0.5082465410232544,0.5056423544883728,0.5073784589767456,0.5086805820465088,0.5026041269302368,0.5104166269302368,0.5083550214767456,0.5075954794883728,0.5073784589767456,0.5073784589767456,0.5061849355697632,0.5135633945465088,0.5055338144302368,0.5083550214767456,0.5072699785232544,0.5082465410232544,0.5055338144302368,0.5107421875,0.5065103769302368,0.5101996660232544,0.5053168535232544,0.5073784589767456,0.5062934160232544,0.5064018964767456,0.5033365488052368,0.5061577558517456,0.5071614980697632,0.5056423544883728,0.5058322548866272,0.5068359375,0.5084364414215088,0.5086805820465088,0.5085178017616272,0.5078667402267456,0.5110405683517456,0.5109049081802368,0.513916015625,0.5181206464767456,0.5204535722732544,0.511962890625,0.5324164628982544,0.35781246423721313
9,1400,0.4745370149612427,0.5082465410232544,0.5017361044883728,0.5151909589767456,0.5082465410232544,0.51953125,0.5091146230697632,0.5203993320465088,0.5186631679534912,0.5125868320465088,0.5095486044883728,0.5091146230697632,0.5034722089767456,0.5108506679534912,0.5078125,0.5056423544883728,0.5082465410232544,0.5091146230697632,0.5034722089767456,0.5104166269302368,0.5090060830116272,0.5078125,0.5077040195465088,0.5069444179534912,0.5061849355697632,0.5131293535232544,0.5055338144302368,0.5087890625,0.5075954794883728,0.5086805820465088,0.5056423544883728,0.5116102695465088,0.5066189169883728,0.5104166269302368,0.5047743320465088,0.5073784589767456,0.5060763955116272,0.5065646767616272,0.5034993886947632,0.5061577558517456,0.5071885585784912,0.5056966543197632,0.5059136152267456,0.5067002773284912,0.5084092617034912,0.5087076425552368,0.5085178017616272,0.5081380605697632,0.5112847089767456,0.510986328125,0.5139702558517456,0.5187717080116272,0.5208333730697632,0.51220703125,0.5324978232383728,0.35468751192092896
9,1600,0.4722222089767456,0.5082465410232544,0.5017361044883728,0.5182291269302368,0.5099826455116272,0.5212673544883728,0.5073784589767456,0.5212673544883728,0.5173611044883728,0.5121527910232544,0.5086805820465088,0.5095486044883728,0.5034722089767456,0.5104166269302368,0.5082465410232544,0.5056423544883728,0.5078125,0.5091146230697632,0.5034722089767456,0.5101996660232544,0.5091146230697632,0.5077040195465088,0.5072699785232544,0.5072699785232544,0.5062934160232544,0.5143228769302368,0.505859375,0.5087890625,0.5073784589767456,0.5083550214767456,0.5052083730697632,0.51171875,0.5075954794883728,0.5104166269302368,0.5054253339767456,0.5072699785232544,0.5066189169883728,0.5065646767616272,0.503662109375,0.506103515625,0.5072157382965088,0.5058322548866272,0.5060492753982544,0.5068088173866272,0.5084364414215088,0.5090603232383728,0.5086534023284912,0.5081651210784912,0.5111219882965088,0.51123046875,0.5141872763633728,0.5188259482383728,0.5206977128982544,0.5121799111366272,0.5326606035232544,0.34999996423721313
10,0,0.4722222089767456,0.5082465410232544,0.4995659589767456,0.515625,0.5104166269302368,0.5212673544883728,0.5082465410232544,0.5208333730697632,0.5177951455116272,0.5121527910232544,0.5095486044883728,0.5095486044883728,0.5021701455116272,0.5099826455116272,0.5082465410232544,0.5060763955116272,0.5073784589767456,0.5086805820465088,0.5030381679534912,0.5099826455116272,0.5094400644302368,0.5075954794883728,0.5073784589767456,0.5071614980697632,0.5066189169883728,0.5149739980697632,0.5061849355697632,0.5093315839767456,0.5075954794883728,0.5084635019302368,0.5052083730697632,0.5110677480697632,0.5068359375,0.5106337070465088,0.5054253339767456,0.5081380605697632,0.5067274570465088,0.5065103769302368,0.5036078691482544,0.5062934160232544,0.5074869394302368,0.5059678554534912,0.5060763955116272,0.5068901777267456,0.508544921875,0.5091416835784912,0.5087348222732544,0.5082193613052368,0.5114474892616272,0.5111219882965088,0.5142415761947632,0.5187717080116272,0.5208333730697632,0.51220703125,0.5326877236366272,0.35624998807907104
10,200,0.4722222089767456,0.5073784589767456,0.5004340410232544,0.515625,0.5108506679534912,0.51953125,0.5099826455116272,0.5208333730697632,0.5182291269302368,0.5121527910232544,0.5095486044883728,0.5091146230697632,0.5047743320465088,0.5108506679534912,0.5086805820465088,0.5065103769302368,0.5069444179534912,0.5078125,0.50390625,0.5101996660232544,0.5094400644302368,0.5074869394302368,0.5083550214767456,0.5074869394302368,0.5068359375,0.5142143964767456,0.5061849355697632,0.5092231035232544,0.5075954794883728,0.5081380605697632,0.5057508945465088,0.5118272304534912,0.5073784589767456,0.5105251669883728,0.5049912929534912,0.5081380605697632,0.5068359375,0.5069444179534912,0.5035536289215088,0.50634765625,0.5077040195465088,0.5060220956802368,0.5067816972732544,0.5074869394302368,0.5086534023284912,0.50927734375,0.5089247226715088,0.5084635019302368,0.51171875,0.5112847089767456,0.5143228769302368,0.5188259482383728,0.5212673544883728,0.5121799111366272,0.5327419638633728,0.3515625
